Original_Name,Club,Nationality,Sofascore_ID,Sofascore_Name,Sofascore_Club,Position,Match_Score
Matěj Kovář,PSV Eindhoven,Czech Republic,927366,Matěj Kovář,PSV Eindhoven,G,High
Jindřich Staněk,Slavia Prague,Czech Republic,280601,Jindřich Staněk,SK Slavia Praha,G,Low - Fallback
Lukáš Horníček,Braga,Czech Republic,963744,Lukáš Horníček,Sporting Braga,G,High
Vladimír Coufal,TSG Hoffenheim,Czech Republic,138024,Vladimír Coufal,TSG Hoffenheim,D,High
Tomáš Holeš,Slavia Prague,Czech Republic,151440,Tomáš Holeš,SK Slavia Praha,D,Low - Fallback
Ladislav Krejčí,Wolverhampton Wanderers,Czech Republic,856250,Ladislav Krejčí,Wolverhampton,D,High
David Zima,Slavia Prague,Czech Republic,963084,David Zima,SK Slavia Praha,D,Low - Fallback
Jaroslav Zelený,Sparta Prague,Czech Republic,118204,Jaroslav Zelený,AC Sparta Praha,D,Low - Fallback
David Jurásek,Slavia Prague,Czech Republic,1030711,David Jurásek,SK Slavia Praha,D,Low - Fallback
David Douděra,Slavia Prague,Czech Republic,891442,David Douděra,SK Slavia Praha,M,Low - Fallback
Robin Hranáč,TSG Hoffenheim,Czech Republic,957615,Robin Hranáč,TSG Hoffenheim,D,High
Štěpán Chaloupek,Slavia Prague,Czech Republic,1144329,Štěpán Chaloupek,SK Slavia Praha,D,Low - Fallback
Tomáš Souček,West Ham United,Czech Republic,799041,Tomáš Souček,West Ham United,M,High
Vladimír Darida,Hradec Králové,Czech Republic,109002,Vladimír Darida,FC Hradec Králové,M,High
Lukáš Provod,Slavia Prague,Czech Republic,846122,Lukáš Provod,SK Slavia Praha,F,Low - Fallback
Michal Sadílek,Slavia Prague,Czech Republic,825731,Michal Sadílek,SK Slavia Praha,M,Low - Fallback
Pavel Šulc,Lyon,Czech Republic,957604,Pavel Šulc,Olympique Lyonnais,F,High
Lukáš Červ,Viktoria Plzeň,Czech Republic,952114,Lukáš Červ,FC Viktoria Plzeň,M,High
Tomáš Ladra,Viktoria Plzeň,Czech Republic,827568,Tomáš Ladra,FC Viktoria Plzeň,F,High
Pavel Bucha,FC Cincinnati,Czech Republic,911583,Pavel Bucha,FC Cincinnati,M,High
Hugo Sochůrek,Sparta Prague,Czech Republic,1931626,Hugo Sochurek,AC Sparta Praha,M,Low - Fallback
Alexandr Sojka,Viktoria Plzeň,Czech Republic,1403491,Alexandr Sojka,FC Viktoria Plzeň,M,High
Denis Višinský,Viktoria Plzeň,Czech Republic,1088727,Denis Višinský,FC Viktoria Plzeň,M,High
Patrik Schick,Bayer Leverkusen,Czech Republic,280609,Patrik Schick,Bayer 04 Leverkusen,F,Low - Fallback
Adam Hložek,TSG Hoffenheim,Czech Republic,963801,Adam Hložek,TSG Hoffenheim,F,High
Jan Kuchta,Sparta Prague,Czech Republic,824139,Jan Kuchta,AC Sparta Praha,F,Low - Fallback
Tomáš Chorý,Slavia Prague,Czech Republic,188307,Tomáš Chorý,SK Slavia Praha,F,Low - Fallback
Mojmír Chytil,Slavia Prague,Czech Republic,826049,Mojmír Chytil,SK Slavia Praha,F,Low - Fallback
Christophe Kabongo,Mladá Boleslav,Czech Republic,1065545,Christophe Kabongo,Mladá Boleslav,F,High
Guillermo Ochoa,AEL Limassol,Mexico,15497,Guillermo Ochoa,AEL Limassol,G,High
Raúl Rangel,Guadalajara,Mexico,990408,Raúl Rangel,CD Guadalajara,G,High
Carlos Acevedo,Santos Laguna,Mexico,840519,Carlos Acevedo,Santos Laguna,G,High
José Antonio Rodríguez,Tijuana,Mexico,1442256,José Antonio Rodríguez,CD Guadalajara,G,Low - Fallback
Carlos Moreno,Pachuca,Mexico,886780,Carlos Moreno,CF Pachuca,G,High
Alex Padilla,Athletic Bilbao,Mexico,1155116,Alex Padilla,Athletic Club,G,Low - Fallback
Jesús Gallardo,Toluca,Mexico,770253,Jesús Gallardo,CD Toluca,D,High
César Montes,Lokomotiv Moscow,Mexico,818406,César Montes,Lokomotiv Moscow,D,High
Jorge Sánchez,PAOK,Mexico,832868,Jorge Sánchez,PAOK,D,High
Johan Vásquez,Genoa,Mexico,889785,Johan Vásquez,Genoa,D,High
Israel Reyes,América,Mexico,989236,Israel Reyes,Club América,D,High
Jesús Alberto Angulo,UANL,Mexico,869277,Jesús Alberto Angulo,UANL,F,High
Julián Araujo,Celtic,Mexico,978150,Julián Araujo,Celtic,D,High
Mateo Chávez,AZ,Mexico,1638685,Mateo Chávez,AZ Alkmaar,D,High
Víctor Guzmán,Monterrey,Mexico,1482444,Víctor Guzmán,Sporting U23,F,Low - Fallback
Richard Ledezma,Guadalajara,Mexico,985176,Richard Ledezma,CD Guadalajara,M,High
Alejandro Gómez,Tijuana,Mexico,2543456,Martin Alejandro Gomez,Universidad Católica,M,Low - Fallback
Everardo López,Toluca,Mexico,1199256,Everardo López,CD Toluca,D,High
Bryan González,Guadalajara,Mexico,1002384,Bryan González,CD Guadalajara,D,High
Ramón Juárez,América,Mexico,993076,Ramón Juárez,Club América,D,High
Edson Álvarez,Fenerbahçe,Mexico,847151,Edson Álvarez,Fenerbahçe,M,High
Orbelín Pineda,AEK Athens,Mexico,850404,Orbelín Pineda,AEK Athens,M,High
Carlos Rodríguez,Cruz Azul,Mexico,845849,Carlos Rodríguez,Cruz Azul,M,High
Roberto Alvarado,Guadalajara,Mexico,865500,Roberto Alvarado,CD Guadalajara,F,High
Luis Romo,Guadalajara,Mexico,1172773,Luis Romo,CD Guadalajara,D,High
Luis Chávez,Dynamo Moscow,Mexico,757770,Luis Chávez,Dynamo Moscow,M,High
Érick Sánchez,América,Mexico,845322,Erick Sánchez,Club América,M,Low - Fallback
Diego Lainez,UANL,Mexico,874535,Diego Lainez,Tigres UANL,M,High
Érik Lira,Cruz Azul,Mexico,944068,Erik Lira,Cruz Azul,D,Low - Fallback
Marcel Ruiz,Toluca,Mexico,942167,Marcel Ruíz,CD Toluca,M,Low - Fallback
Efraín Álvarez,Guadalajara,Mexico,931736,Efrain Alvarez,CD Guadalajara,F,Low - Fallback
Gilberto Mora,Tijuana,Mexico,1914576,Gilberto Mora,Club Tijuana,M,High
Brian Gutiérrez,Guadalajara,Mexico,1023088,Brian Gutiérrez,CD Guadalajara,M,High
Obed Vargas,Atlético Madrid,Mexico,1119345,Obed Vargas,Atlético Madrid,M,High
Alexis Gutiérrez,América,Mexico,905247,Alexis Gutiérrez,Club América,M,High
Jesús Ricardo Angulo,Toluca,Mexico,829624,Jesús Ricardo Angulo,CD Toluca,M,High
Kevin Castañeda,Tijuana,Mexico,942708,Kevin Castañeda,Club Tijuana,M,High
Álvaro Fidalgo,Real Betis,Mexico,838629,Álvaro Fidalgo,Real Betis,M,High
Jordán Carrillo,UNAM,Mexico,944637,Jordan Carrillo,Pumas UNAM,M,Low - Fallback
Jorge Ruvalcaba,New York Red Bulls,Mexico,1153541,Jorge Ruvalcaba,New York Red Bulls,M,High
Alexéi Domínguez,Pachuca,Mexico,1510870,Alexei Domínguez,CF Pachuca,M,Low - Fallback
Jeremy Márquez,Cruz Azul,Mexico,1046703,Jeremy Márquez,Cruz Azul,M,High
Elías Montiel,Pachuca,Mexico,1503702,Elías Montiel,CF Pachuca,M,High
Raúl Jiménez,Fulham,Mexico,192442,Raúl Jiménez,Fulham,F,High
Alexis Vega,Toluca,Mexico,815637,Alexis Vega,CD Toluca,M,High
Santiago Giménez,Milan,Mexico,892141,Santiago Giménez,AC Milan,F,High
César Huerta,Anderlecht,Mexico,905257,César Huerta,RSC Anderlecht,M,High
Julián Quiñones,Al-Qadsiah,Mexico,843114,Julián Quiñones,Al-Qadsiah,F,High
Guillermo Martínez,UNAM,Mexico,795282,Guillermo Martínez,Pumas UNAM,F,High
Germán Berterame,Inter Miami CF,Mexico,822606,Germán Berterame,Inter Miami CF,F,High
Armando González,Guadalajara,Mexico,1595162,Armando González,CD Guadalajara,F,High
Ronwen Williams,Mamelodi Sundowns,South Africa,539792,Ronwen Williams,Mamelodi Sundowns,G,High
Ricardo Goss,Siwelele,South Africa,966059,Ricardo Goss,Siwelele FC,G,High
Sipho Chaine,Orlando Pirates,South Africa,903610,Sipho Chaine,Orlando Pirates,G,High
Aubrey Modiba,Mamelodi Sundowns,South Africa,837099,Aubrey Modiba,Mamelodi Sundowns,D,High
Khuliso Mudau,Mamelodi Sundowns,South Africa,936047,Khuliso Mudau,Mamelodi Sundowns,D,High
Nkosinathi Sibisi,Orlando Pirates,South Africa,902117,Nkosinathi Sibisi,Orlando Pirates,D,High
Mbekezeli Mbokazi,Chicago Fire FC,South Africa,2058228,Mbekezeli Mbokazi,Chicago Fire,D,High
Ime Okon,Hannover 96,South Africa,1507710,Ime Okon,Hannover 96,D,High
Samukele Kabini,Molde,South Africa,1518180,Samukelo Kabini,Molde FK,D,Low - Fallback
Khulumani Ndamane,Mamelodi Sundowns,South Africa,1910804,Khulumani Ndamane,Mamelodi Sundowns,D,High
Thabang Matuludi,Polokwane City,South Africa,1470073,Tholo Thabang Matuludi,Polokwane City,D,Fuzzy
Kamogelo Sebelebele,Orlando Pirates,South Africa,1210653,Kamogelo Sebelebele,Orlando Pirates,M,High
Bradley Cross,Kaizer Chiefs,South Africa,1085536,Bradley Cross,Kaizer Chiefs,D,High
Olwethu Makhanya,Philadelphia Union,South Africa,1415019,Olwethu Makhanya,Philadelphia Union,D,High
Teboho Mokoena,Mamelodi Sundowns,South Africa,881117,Teboho Mokoena,Mamelodi Sundowns,M,High
Sphephelo Sithole,Tondela,South Africa,822684,Sphephelo Sithole,Tondela,M,High
Thalente Mbatha,Orlando Pirates,South Africa,1014410,Thalente Mbatha,Orlando Pirates,M,High
Jayden Adams,Mamelodi Sundowns,South Africa,1049669,Jayden Adams,Mamelodi Sundowns,M,High
Themba Zwane,Mamelodi Sundowns,South Africa,559504,Themba Zwane,Mamelodi Sundowns,M,High
Lyle Foster,Burnley,South Africa,901907,Lyle Foster,Burnley,F,High
Evidence Makgopa,Orlando Pirates,South Africa,1022170,Evidence Makgopa,Orlando Pirates,F,High
Oswin Appollis,Orlando Pirates,South Africa,984505,Oswin Appollis,Orlando Pirates,M,High
Iqraam Rayners,Mamelodi Sundowns,South Africa,991024,Iqraam Rayners,Mamelodi Sundowns,F,High
Relebohile Mofokeng,Orlando Pirates,South Africa,1564998,Relebohile Mofokeng,Orlando Pirates,M,High
Thapelo Maseko,AEL Limassol,South Africa,1179164,Thapelo Maseko,AEL Limassol,M,High
Tshepang Moremi,Orlando Pirates,South Africa,1101745,Tshepang Moremi,Orlando Pirates,M,High
Kim Seung-gyu,FC Tokyo,South Korea,235686,Kim Seung-gyu,FC Tokyo,G,High
Jo Hyeon-woo,Ulsan HD,South Korea,2033919,Jo Hyeon-Woo,Daejeon Hana Citizen,D,Low - Fallback
Song Bum-keun,Jeonbuk Hyundai Motors,South Korea,940057,Song Bum-keun,Jeonbuk Hyundai Motors,G,High
Kim Min-jae,Bayern Munich,South Korea,896569,Kim Min-jae,FC Bayern München,D,Low - Fallback
Kim Moon-hwan,Daejeon Hana Citizen,South Korea,921263,Kim Moon-hwan,Daejeon Hana Citizen,D,High
Seol Young-woo,Red Star Belgrade,South Korea,1019333,Young-woo Seol,FK Crvena zvezda,D,Low - Fallback
Cho Yu-min,Sharjah,South Korea,1026122,Yu-min Cho,Al-Sharjah,D,Low - Fallback
Lee Tae-seok,Austria Wien,South Korea,1002355,Lee Tae-seok,FK Austria Wien,M,High
Park Jin-seob,Zhejiang FC,South Korea,1026069,Jin-seob Park,Zhejiang,M,Low - Fallback
Kim Tae-hyeon,Kashima Antlers,South Korea,976203,Kim Tae-hyeon,Kashima Antlers,D,High
Lee Han-beom,Midtjylland,South Korea,1002448,Han-Beom Lee,FC Midtjylland,D,Low - Fallback
Jens Castrop,Borussia Mönchengladbach,South Korea,1019312,Jens Castrop,Borussia M'gladbach,M,Low - Fallback
Lee Ki-hyuk,Gangwon FC,South Korea,2543974,Lee Doh-Hyun,Kia Tigers,P,Low - Fallback
Lee Jae-sung,Mainz 05,South Korea,537552,Jae-sung Lee,1. FSV Mainz 05,M,Low - Fallback
Hwang Hee-chan,Wolverhampton Wanderers,South Korea,786186,Hwang Hee-chan,Wolverhampton,F,High
Hwang In-beom,Feyenoord,South Korea,889689,Hwang In-beom,Feyenoord,M,High
Lee Kang-in,Paris Saint-Germain,South Korea,917087,Kang-in Lee,Paris Saint-Germain,M,Low - Fallback
Paik Seung-ho,Birmingham City,South Korea,881307,Seung Ho Paik,Birmingham City,M,Low - Fallback
Kim Jin-gyu,Jeonbuk Hyundai Motors,South Korea,1009476,Jin-gyu Kim,Jeonbuk Hyundai Motors,M,Low - Fallback
Lee Dong-gyeong,Ulsan HD,South Korea,932316,Dong-gyeong Lee,Ulsan HD,M,Low - Fallback
Bae Jun-ho,Stoke City,South Korea,1185869,Jun-Ho Bae,Stoke City,M,Low - Fallback
Eom Ji-sung,Swansea City,South Korea,1002508,Ji-sung Eom,Swansea City,M,Low - Fallback
Yang Hyun-jun,Celtic,South Korea,1103531,Yang Hyun-Jun,Celtic,F,High
Son Heung-min,Los Angeles FC,South Korea,111505,Son Heung-min,Los Angeles FC,F,High
Cho Gue-sung,Midtjylland,South Korea,1014281,Gue-sung Cho,FC Midtjylland,F,Low - Fallback
Oh Hyeon-gyu,Beşiktaş,South Korea,1010634,Hyeon-gyu Oh,Beşiktaş JK,F,Low - Fallback
Nikola Vasilj,FC St. Pauli,Bosnia and Herzegovina,325061,Nikola Vasilj,FC St. Pauli,G,High
Martin Zlomislić,Rijeka,Bosnia and Herzegovina,885719,Martin Zlomislić,HNK Rijeka,G,High
Osman Hadžikić,Slaven Belupo,Bosnia and Herzegovina,352394,Osman Hadžikić,NK Slaven Belupo,G,High
Sead Kolašinac,Atalanta,Bosnia and Herzegovina,142148,Sead Kolašinac,Atalanta,D,High
Dennis Hadžikadunić,Sampdoria,Bosnia and Herzegovina,802830,Dennis Hadžikadunić,Sampdoria,D,High
Amar Dedić,Benfica,Bosnia and Herzegovina,1102791,Amar Dedić,Benfica,D,High
Nikola Katić,Schalke 04,Bosnia and Herzegovina,831488,Nikola Katić,FC Schalke 04,D,High
Tarik Muharemović,Sassuolo,Bosnia and Herzegovina,1118177,Tarik Muharemović,Sassuolo,D,High
Nihad Mujakić,Gaziantep,Bosnia and Herzegovina,858004,Nihad Mujakić,Gaziantep FK,D,High
Stjepan Radeljić,Rijeka,Bosnia and Herzegovina,843746,Stjepan Radeljić,HNK Rijeka,D,High
Nidal Čelik,Lens,Bosnia and Herzegovina,1399503,Nidal Čelik,RC Lens,D,High
Amir Hadžiahmetović,Hull City,Bosnia and Herzegovina,795421,Amir Hadžiahmetović,Hull City,M,High
Benjamin Tahirović,Brøndby,Bosnia and Herzegovina,1102659,Benjamin Tahirović,Brøndby IF,M,High
Armin Gigović,Young Boys,Bosnia and Herzegovina,988893,Armin Gigović,BSC Young Boys,M,High
Dženis Burnić,Karlsruher SC,Bosnia and Herzegovina,844447,Dženis Burnić,Karlsruher SC,M,High
Ivan Bašić,Astana,Bosnia and Herzegovina,1049701,Ivan Bašić,Astana,M,High
Esmir Bajraktarević,PSV Eindhoven,Bosnia and Herzegovina,1136110,Esmir Bajraktarević,PSV Eindhoven,F,High
Amar Memić,Viktoria Plzeň,Bosnia and Herzegovina,1129610,Amar Memić,FC Viktoria Plzeň,M,High
Ivan Šunjić,Pafos,Bosnia and Herzegovina,283833,Ivan Šunjić,Pafos FC,M,High
Kerim Alajbegović,Red Bull Salzburg,Bosnia and Herzegovina,1425366,Kerim Alajbegović,Red Bull Salzburg,M,High
Ermin Mahmić,Slovan Liberec,Bosnia and Herzegovina,1149353,Ermin Mahmic,FC Slovan Liberec,M,Low - Fallback
Edin Džeko,Schalke 04,Bosnia and Herzegovina,14990,Edin Džeko,FC Schalke 04,F,High
Ermedin Demirović,VfB Stuttgart,Bosnia and Herzegovina,878081,Ermedin Demirović,VfB Stuttgart,F,High
Samed Baždar,Jagiellonia Białystok,Bosnia and Herzegovina,1100965,Samed Baždar,Jagiellonia Białystok,F,High
Haris Tabaković,Borussia Mönchengladbach,Bosnia and Herzegovina,259803,Haris Tabaković,Borussia M'gladbach,F,Low - Fallback
Jovo Lukić,Universitatea Cluj,Bosnia and Herzegovina,927797,Jovo Lukić,FC Universitatea Cluj,F,High
Dayne St. Clair,Inter Miami CF,Canada,973286,Dayne St. Clair,Inter Miami CF,G,High
Alistair Johnston,Celtic,Canada,984419,Alistair Johnston,Celtic,D,High
Luc de Fougerolles,Dender,Canada,1413129,Luc De Fougerolles,FCV Dender,D,High
Alfie Jones,Middlesbrough,Canada,845426,Alfie Jones,Middlesbrough,D,High
Joel Waterman,Chicago Fire FC,Canada,1020472,Joel Waterman,Chicago Fire,D,High
Mathieu Choinière,Los Angeles FC,Canada,937255,Mathieu Choinière,Los Angeles FC,M,High
Stephen Eustáquio,Los Angeles FC,Canada,886223,Stephen Eustaquio,Los Angeles FC,M,Low - Fallback
Ismaël Koné,Sassuolo,Canada,1134351,Ismael Koné,Sassuolo,M,Low - Fallback
Cyle Larin,Southampton,Canada,790179,Cyle Larin,Southampton,F,High
Jonathan David,Juventus,Canada,935564,Jonathan David,Juventus,F,High
Liam Millar,Hull City,Canada,902083,Liam Millar,Hull City,M,High
Tani Oluwaseyi,Villarreal,Canada,1172477,Tani Oluwaseyi,Villarreal,F,High
Derek Cornelius,Rangers,Canada,801411,Derek Cornelius,Olympique de Marseille,D,Low - Fallback
Jacob Shaffelburg,Los Angeles FC,Canada,976313,Jacob Shaffelburg,Los Angeles FC,M,High
Moïse Bombito,Nice,Canada,1469180,Moise Bombito,Nice,D,Low - Fallback
Maxime Crépeau,Orlando City SC,Canada,155736,Maxime Crépeau,Orlando City SC,G,High
Tajon Buchanan,Villarreal,Canada,973290,Tajon Buchanan,Villarreal,M,High
Owen Goodman,Barnsley,Canada,1087790,Owen Goodman,Barnsley,G,High
Alphonso Davies,Bayern Munich,Canada,843665,Alphonso Davies,FC Bayern München,D,Low - Fallback
Ali Ahmed,Norwich City,Canada,1464637,Ali Ahmed,Norwich City,M,High
Jonathan Osorio,Toronto FC,Canada,273031,Jonathan Osorio,Toronto FC,M,High
Richie Laryea,Toronto FC,Canada,829207,Richie Laryea,Toronto FC,D,High
Niko Sigur,Hajduk Split,Canada,1411145,Niko Sigur,HNK Hajduk Split,D,High
Promise David,Union Saint-Gilloise,Canada,1119328,Promise David,Royale Union Saint-Gilloise,F,High
Nathan Saliba,Anderlecht,Canada,1093229,Nathan-Dylan Saliba,RSC Anderlecht,M,Low - Fallback
Marcelo Flores,UANL,Canada,1084295,Marcelo Flores,Tigres UANL,M,High
Meshaal Barsham,Al-Sadd,Qatar,891157,Meshaal Barsham,Al-Sadd,G,High
Salah Zakaria,Al-Duhail,Qatar,985171,Salah Zakaria,Al Duhail,G,Low - Fallback
Mahmud Abunada,Al-Rayyan,Qatar,1012458,Mahmud Abunad,Al-Rayyan,G,Fuzzy
Shehab Ellethy,Al-Shahaniya,Qatar,832426,Shehab Ellethy,Al-Shahaniya,G,High
Boualem Khoukhi,Al-Sadd,Qatar,233746,Boualem Khoukhi,Al-Sadd,D,High
Pedro Miguel,Al-Sadd,Qatar,884189,Pedro Miguel,Al-Sadd,D,High
Homam Ahmed,Cultural Leonesa,Qatar,1565760,Abdihafid Hohamud Ahmed,Morön BK,F,Low - Fallback
Lucas Mendes,Al-Wakrah,Qatar,243199,Lucas Mendes,Al-Wakrah,D,High
Sultan Al-Brake,Al-Duhail,Qatar,796497,Sultan Al-Brake,Al Duhail,D,Low - Fallback
Al-Hashmi Al-Hussain,Al-Arabi,Qatar,1148402,Al-Hashmi Al-Hussain,Al-Arabi SC,D,High
Ayoub Al-Oui,Al-Gharafa,Qatar,1396639,Ayoub Al Oui,Al-Gharafa,D,Low - Fallback
Issa Laye,Al-Arabi,Qatar,1892282,Issa Laye,Al-Arabi SC,D,High
Rayyan Al-Ali,Al-Gharafa,Qatar,1017407,Khalid Ali Sabah,Al-Rayyan,F,Low - Fallback
Abdulaziz Hatem,Al-Rayyan,Qatar,897882,Abdelaziz Hatem,Al-Rayyan,M,Low - Fallback
Karim Boudiaf,Al-Duhail,Qatar,303826,Karim Boudiaf,Al Duhail,M,Low - Fallback
Assim Madibo,Al-Wakrah,Qatar,796500,Assim Madibo,Al-Wakrah,M,High
Ahmed Fathy,Al-Arabi,Qatar,880107,Ahmed Abdel Azim Fathy,No team,F,Low - Fallback
Jassem Gaber,Al-Rayyan,Qatar,1014561,Jassem Gaber Abdulsallam,Al-Rayyan,M,Fuzzy
Mohamed Al-Mannai,Al-Shamal,Qatar,1083016,Mohamed Al-Mannai,Al-Shamal,M,High
Tahsin Jamshid,Al-Duhail,Qatar,1501518,Tahsin Mohammed Jamshid,Al Duhail,F,Low - Fallback
Hassan Al-Haydos,Al-Sadd,Qatar,1183905,Hassan Al-Haydos,Al-Sadd,F,High
Akram Afif,Al-Sadd,Qatar,794541,Akram Afif,Al-Sadd,M,High
Almoez Ali,Al-Duhail,Qatar,796501,Almoez Ali,Al Duhail,M,Low - Fallback
Mohammed Muntari,Al-Gharafa,Qatar,326185,Mohammed Muntari,Al-Gharafa,F,High
Ahmed Alaaeldin,Al-Rayyan,Qatar,229278,Ahmed Alaaeldin,Al-Rayyan,F,High
Yusuf Abdurisag,Al-Wakrah,Qatar,985156,Yusuf Abdurisag,Al-Wakrah,F,High
Edmilson Junior,Al-Duhail,Qatar,797734,Edmilson Junior,Al Duhail,M,Low - Fallback
Ahmed Al-Ganehi,Al-Gharafa,Qatar,936542,Ahmed Al-Ganehi,Al-Gharafa,M,High
Gregor Kobel,Borussia Dortmund,Switzerland,556866,Gregor Kobel,Borussia Dortmund,G,High
Miro Muheim,Hamburger SV,Switzerland,798303,Miro Muheim,Hamburger SV,M,High
Silvan Widmer,Mainz 05,Switzerland,157377,Silvan Widmer,1. FSV Mainz 05,M,High
Nico Elvedi,Borussia Mönchengladbach,Switzerland,282229,Nico Elvedi,Borussia M'gladbach,D,Low - Fallback
Manuel Akanji,Inter Milan,Switzerland,383560,Manuel Akanji,Inter,D,High
Denis Zakaria,Monaco,Switzerland,770677,Denis Zakaria,AS Monaco,M,High
Breel Embolo,Rennes,Switzerland,352296,Breel Embolo,Stade Rennais,F,Low - Fallback
Remo Freuler,Bologna,Switzerland,115516,Remo Freuler,Bologna,M,High
Johan Manzambi,SC Freiburg,Switzerland,1518931,Johan Manzambi,SC Freiburg,M,High
Granit Xhaka,Sunderland,Switzerland,117777,Granit Xhaka,Sunderland,M,High
Dan Ndoye,Nottingham Forest,Switzerland,944327,Dan Ndoye,Nottingham Forest,M,High
Yvon Mvogo,Lorient,Switzerland,149656,Yvon Mvogo,Lorient,G,High
Ricardo Rodriguez,Real Betis,Switzerland,67769,Ricardo Rodríguez,Real Betis,D,Low - Fallback
Ardon Jashari,Milan,Switzerland,1034082,Ardon Jashari,AC Milan,M,High
Djibril Sow,Sevilla,Switzerland,799054,Djibril Sow,Sevilla,M,High
Christian Fassnacht,Young Boys,Switzerland,787422,Christian Fassnacht,BSC Young Boys,M,High
Rubén Vargas,Sevilla,Switzerland,872919,Rubén Vargas,Sevilla,M,High
Eray Cömert,Valencia,Switzerland,814023,Eray Cömert,Valencia,D,High
Noah Okafor,Leeds United,Switzerland,865523,Noah Okafor,Leeds United,F,High
Michel Aebischer,Pisa,Switzerland,850891,Michel Aebischer,Pisa,M,High
Marvin Keller,Young Boys,Switzerland,1005744,Marvin Keller,BSC Young Boys,G,High
Fabian Rieder,FC Augsburg,Switzerland,929620,Fabian Rieder,FC Augsburg,M,High
Zeki Amdouni,Burnley,Switzerland,990550,Zeki Amdouni,Burnley,F,High
Aurèle Amenda,Eintracht Frankfurt,Switzerland,999276,Aurèle Amenda,Eintracht Frankfurt,D,High
Luca Jaquez,VfB Stuttgart,Switzerland,1127823,Luca Jaquez,VfB Stuttgart,D,High
Cedric Itten,Fortuna Düsseldorf,Switzerland,352290,Cédric Itten,Fortuna Düsseldorf,F,Low - Fallback
Alisson,Liverpool,Brazil,243609,Alisson,Liverpool FC,G,High
Wesley,Roma,Brazil,1134200,Wesley,AS Roma,M,High
Gabriel Magalhães,Arsenal,Brazil,869792,Gabriel Magalhães,Arsenal,D,High
Marquinhos,Paris Saint-Germain,Brazil,155995,Marquinhos,Paris Saint-Germain,D,High
Casemiro,Manchester United,Brazil,122951,Casemiro,Manchester United,M,High
Alex Sandro,Flamengo,Brazil,84854,Alex Sandro,Flamengo,D,High
Vinícius Júnior,Real Madrid,Brazil,868812,Vinícius Júnior,Real Madrid,F,High
Bruno Guimarães,Newcastle United,Brazil,866469,Bruno Guimarães,Newcastle United,M,High
Matheus Cunha,Manchester United,Brazil,886363,Matheus Cunha,Manchester United,F,High
Neymar,Santos,Brazil,124712,Neymar,Santos,F,High
Raphinha,Barcelona,Brazil,831005,Raphinha,FC Barcelona,M,High
Weverton,Grêmio,Brazil,243529,Weverton,Grêmio,G,High
Danilo Luiz,Flamengo,Brazil,1955103,Danilo Luiz Andrade Maia,Clube Vizinhança U19,,Low - Fallback
Bremer,Juventus,Brazil,885197,Bremer,Juventus,D,High
Léo Pereira,Flamengo,Brazil,358548,Léo Pereira,Flamengo,D,High
Douglas Santos,Zenit Saint Petersburg,Brazil,243583,Douglas Santos,Zenit St. Petersburg,D,Low - Fallback
Fabinho,Al-Ittihad,Brazil,243585,Fabinho,Al-Ittihad,M,High
Danilo Santos,Botafogo,Brazil,2077498,Pedro Danilo Santos Queiroz Filho,Bahia U17,,Low - Fallback
Endrick,Lyon,Brazil,1174937,Endrick,Olympique Lyonnais,F,High
Lucas Paquetá,Flamengo,Brazil,839981,Lucas Paquetá,Flamengo,M,High
Luiz Henrique,Zenit Saint Petersburg,Brazil,1035995,Luiz Henrique,Zenit St. Petersburg,M,Low - Fallback
Gabriel Martinelli,Arsenal,Brazil,922573,Gabriel Martinelli,Arsenal,F,High
Ederson,Fenerbahçe,Brazil,254491,Ederson,Fenerbahçe,G,High
Roger Ibañez,Al-Ahli,Brazil,888949,Roger Ibañez,Al-Ahli,D,High
Igor Thiago,Brentford,Brazil,1016907,Igor Thiago,Brentford,F,High
Rayan,Bournemouth,Brazil,1464966,Rayan,Bournemouth,M,High
Johny Placide,Bastia,Haiti,37224,Johny Placide,Bastia,G,High
Alexandre Pierre,Sochaux,Haiti,1091596,Alexandre Pierre,FC Sochaux 2,G,High
Josué Duverger,Cosmos Koblenz,Haiti,936558,Josué Duverger,FC Cosmos Koblenz,G,High
Ricardo Adé,LDU Quito,Haiti,839638,Ricardo Adé,LDU,D,High
Carlens Arcus,Angers,Haiti,794373,Carlens Arcus,Angers,D,High
Martin Expérience,Nancy,Haiti,1110369,Martin Expérience,Nancy,D,High
Jean-Kévin Duverne,Gent,Haiti,845930,Jean-Kévin Duverne,KAA Gent,D,High
Duke Lacroix,Colorado Springs Switchbacks,Haiti,884301,Duke Lacroix,Colorado Springs Switchbacks FC,D,High
Wilguens Paugain,Zulte Waregem,Haiti,1404526,Wilguens Paugain,SV Zulte Waregem,D,High
Hannes Delcroix,Lugano,Haiti,826169,Hannes Delcroix,FC Lugano,D,High
Keeto Thermoncy,Young Boys,Haiti,1544387,Keeto Thermoncy,Young Boys U21,D,High
Leverton Pierre,Vizela,Haiti,912050,Leverton Pierre,Vizela,M,High
Danley Jean Jacques,Philadelphia Union,Haiti,1173167,Danley Jean Jacques,Philadelphia Union,M,High
Carl Sainté,El Paso Locomotive FC,Haiti,1002387,Carl Fred Sainté,El Paso Locomotive FC,D,Low - Fallback
Jean-Ricner Bellegarde,Wolverhampton Wanderers,Haiti,845273,Jean-Ricner Bellegarde,Wolverhampton,M,High
Woodensky Pierre,Violette,Haiti,1384367,Woodensky Pierre,Violette AC,M,High
Dominique Simon,Tatran Prešov,Haiti,1187376,Dominique Simon,1. FC Tatran Prešov,M,High
Duckens Nazon,Esteghlal,Haiti,796023,Duckens Nazon,Esteghlal FC,F,High
Frantzdy Pierrot,Çaykur Rizespor,Haiti,943278,Frantzdy Pierrot,Çaykur Rizespor,F,High
Derrick Etienne Jr.,Toronto FC,Haiti,828012,Derrick Etienne Jr.,Toronto FC,F,High
Louicius Deedson,FC Dallas,Haiti,991451,Louicius Don Deedson,FC Dallas,F,Low - Fallback
Ruben Providence,Almere City,Haiti,954066,Ruben Providence,Almere City FC,M,High
Josué Casimir,Auxerre,Haiti,1035986,Josué Casimir,Auxerre,M,High
Yassin Fortuné,Vizela,Haiti,826211,Yassin Fortune,Vizela,F,Low - Fallback
Wilson Isidor,Sunderland,Haiti,877980,Wilson Isidor,Sunderland,F,High
Lenny Joseph,Ferencváros,Haiti,1010126,Lenny Joseph,Ferencváros TC,F,High
Yassine Bounou,Al-Hilal,Morocco,970576,Yassine Bounou,S.S.V. Naturns,M,Low - Fallback
Munir Mohamedi,RS Berkane,Morocco,796291,Abdusalam Mohamed Mounir,Dinamo Minsk,,Low - Fallback
Ahmed Reda Tagnaouti,AS FAR,Morocco,359280,Ahmed Reda Tagnaouti,AS FAR Rabat,G,High
Achraf Hakimi,Paris Saint-Germain,Morocco,814594,Achraf Hakimi,Paris Saint-Germain,D,High
Nayef Aguerd,Marseille,Morocco,877102,Nayef Aguerd,Olympique de Marseille,D,High
Noussair Mazraoui,Manchester United,Morocco,847030,Noussair Mazraoui,Manchester United,D,High
Youssef Belammari,Al Ahly,Morocco,919484,Youssef Belammari,Al Ahly FC,D,High
Anass Salah-Eddine,PSV Eindhoven,Morocco,961684,Anass Salah-Eddine,PSV Eindhoven,D,High
Chadi Riad,Crystal Palace,Morocco,1064218,Chadi Riad,Crystal Palace,D,High
Issa Diop,Fulham,Morocco,825719,Issa Diop,Fulham,D,High
Zakaria El Ouahdi,Genk,Morocco,1134470,Zakaria El Ouahdi,KRC Genk,D,High
Redouane Halhal,Mechelen,Morocco,1143667,Redouane Halhal,KV Mechelen,D,High
Sofyan Amrabat,Real Betis,Morocco,359272,Sofyan Amrabat,Real Betis,M,High
Azzedine Ounahi,Girona,Morocco,991421,Azzedine Ounahi,Girona FC,M,High
Bilal El Khannouss,VfB Stuttgart,Morocco,1126569,Bilal El Khannouss,VfB Stuttgart,M,High
Ismael Saibari,PSV Eindhoven,Morocco,1063767,Ismael Saibari,PSV Eindhoven,M,High
Neil El Aynaoui,Roma,Morocco,1128530,Neil El Aynaoui,AS Roma,M,High
Samir El Mourabet,Strasbourg,Morocco,1605921,Samir El Mourabet,RC Strasbourg,M,High
Ayyoub Bouaddi,Lille,Morocco,1564180,Ayyoub Bouaddi,Lille,M,High
Ayoub El Kaabi,Olympiacos,Morocco,919793,Ayoub El Kaabi,Olympiacos FC,F,High
Soufiane Rahimi,Al Ain,Morocco,953995,Soufiane Rahimi,Al-Ain,F,Low - Fallback
Abde Ezzalzouli,Real Betis,Morocco,1011375,Abdessamad Ezzalzouli,Real Betis,M,Low - Fallback
Brahim Díaz,Real Madrid,Morocco,835485,Brahim Díaz,Real Madrid,M,High
Chemsdine Talbi,Sunderland,Morocco,1142675,Chemsdine Talbi,Sunderland,M,High
Gessime Yassine,Strasbourg,Morocco,1638338,Gessime Yassine,RC Strasbourg,M,High
Ayoube Amaimouni,Eintracht Frankfurt,Morocco,1898148,Ayoube Amaimouni Echghouyab,Eintracht Frankfurt,F,Fuzzy
Craig Gordon,Heart of Midlothian,Scotland,9370,Craig Gordon,Heart of Midlothian,G,High
Angus Gunn,Nottingham Forest,Scotland,227946,Angus Gunn,Nottingham Forest,G,High
Liam Kelly,Rangers,Scotland,287555,Liam Kelly,Rangers,G,High
Andy Robertson,Liverpool,Scotland,262911,Andy Robertson,Liverpool FC,D,High
Grant Hanley,Hibernian,Scotland,95791,Grant Hanley,Hibernian,D,High
Kieran Tierney,Celtic,Scotland,366592,Kieran Tierney,Celtic,D,High
Scott McKenna,Dinamo Zagreb,Scotland,358108,Scott McKenna,GNK Dinamo Zagreb,D,High
Jack Hendry,Al-Ettifaq,Scotland,795696,Jack Hendry,Al-Ettifaq,D,High
Nathan Patterson,Everton,Scotland,1020141,Nathan Patterson,Everton U21,D,High
Anthony Ralston,Celtic,Scotland,840227,Anthony Ralston,Celtic,D,High
John Souttar,Rangers,Scotland,287563,John Souttar,Rangers,D,High
Aaron Hickey,Brentford,Scotland,966869,Aaron Hickey,Brentford,D,High
Dominic Hyam,Wrexham,Scotland,802719,Dominic Hyam,Wrexham,D,High
John McGinn,Aston Villa,Scotland,250223,John McGinn,Aston Villa,M,High
Scott McTominay,Napoli,Scotland,879346,Scott McTominay,SSC Napoli,M,High
Ryan Christie,Bournemouth,Scotland,322391,Ryan Christie,Bournemouth,M,High
Kenny McLean,Norwich City,Scotland,75756,Kenny McLean,Norwich City,M,High
Lewis Ferguson,Bologna,Scotland,907152,Lewis Ferguson,Bologna,M,High
Ben Gannon-Doak,Bournemouth,Scotland,1154861,Ben Gannon-Doak,Bournemouth,M,High
Findlay Curtis,Kilmarnock,Scotland,1489210,Findlay Curtis,Rangers,M,Low - Fallback
Tyler Fletcher,Manchester United,Scotland,1402850,Tyler Fletcher,Manchester United U21,M,High
Lyndon Dykes,Charlton Athletic,Scotland,846204,Lyndon Dykes,Charlton Athletic,F,High
Ché Adams,Torino,Scotland,773409,Che Adams,Torino,F,Low - Fallback
Lawrence Shankland,Heart of Midlothian,Scotland,237098,Lawrence Shankland,Heart of Midlothian,F,High
George Hirst,Ipswich Town,Scotland,839712,George Hirst,Ipswich Town,F,High
Ross Stewart,Southampton,Scotland,886117,Ross Stewart,Southampton,F,High
Gatito Fernández,Cerro Porteño,Paraguay,840027,Gatito Fernández,Cerro Porteño,G,High
Carlos Coronel,São Paulo,Paraguay,800150,Carlos Coronel,São Paulo,G,High
Orlando Gill,San Lorenzo,Paraguay,991709,Orlando Gill,San Lorenzo,G,High
Santiago Rojas,Nacional,Paraguay,871581,Santiago Rojas,Nacional Asunción,G,High
Juan Espínola,Barracas Central,Paraguay,805426,Juan Espínola,Barracas Central,G,High
Gastón Olveira,Olimpia,Paraguay,339135,Gastón Olveira,Olimpia,G,High
Gustavo Gómez,Palmeiras,Paraguay,220833,Gustavo Gómez,Palmeiras,D,High
Júnior Alonso,Atlético Mineiro,Paraguay,333275,Junior Alonso,Atlético Mineiro,D,Low - Fallback
Fabián Balbuena,Grêmio,Paraguay,339447,Fabián Balbuena,Grêmio,D,High
Omar Alderete,Sunderland,Paraguay,805137,Omar Alderete,Sunderland,D,High
Juan José Cáceres,Dynamo Moscow,Paraguay,989801,Juan José Cáceres,Dynamo Moscow,D,High
Blas Riveros,Cerro Porteño,Paraguay,805202,Blás Riveros,Cerro Porteño,D,Low - Fallback
Gustavo Velázquez,Cerro Porteño,Paraguay,805427,Gustavo Velázquez,Cerro Porteño,D,High
Alan Benítez,Libertad,Paraguay,312824,Alan Benítez,Libertad,D,High
Agustín Sández,Rosario Central,Paraguay,1066556,Agustín Sández,Rosario Central,D,High
Mateo Gamarra,Cruzeiro,Paraguay,1085451,Mateo Gamarra,Olimpia,D,Low - Fallback
Saúl Salcedo,Newell's Old Boys,Paraguay,805134,Saúl Salcedo,Newell's Old Boys,D,High
José Canale,Lanús,Paraguay,877452,José Canale,CA Lanús,D,High
Diego León,Manchester United,Paraguay,1900795,Diego León,Manchester United U21,D,High
Alexandro Maidana,Talleres,Paraguay,1546739,Alexandro Maidana,CA Talleres,D,High
Alcides Benítez,Belgrano,Paraguay,1185702,Alcides Benítez,Club Atlético Belgrano,M,High
Ronaldo Dejesús,Lanús,Paraguay,1095279,Ronaldo Dejesús,Lanús,D,High
Alan Núñez,Nacional,Paraguay,1116982,Alan Núñez,CD Nacional,D,High
Miguel Almirón,Atlanta United FC,Paraguay,333373,Miguel Almirón,Atlanta United,M,High
Mathías Villasanti,Grêmio,Paraguay,1139775,Mathias Villasanti,Grêmio,M,Low - Fallback
Kaku,Al Ain,Paraguay,46387,Gaël Kakuta,AEL Novibet,M,Low - Fallback
Andrés Cubas,Vancouver Whitecaps FC,Paraguay,546416,Andrés Cubas,Vancouver Whitecaps,M,High
Ramón Sosa,Palmeiras,Paraguay,1015733,Ramón Sosa,Palmeiras,F,High
Diego Gómez,Brighton & Hove Albion,Paraguay,1065588,Diego Gómez,Brighton & Hove Albion,M,High
Damián Bobadilla,São Paulo,Paraguay,1015261,Damián Bobadilla,São Paulo,M,High
Braian Ojeda,Orlando City SC,Paraguay,883206,Braian Ojeda,Orlando City SC,M,High
Matías Galarza,Atlanta United FC,Paraguay,1105836,Matías Galarza,Atlanta United,M,High
Robert Piris Da Motta,Cerro Porteño,Paraguay,805216,Robert Piris Da Motta,Cerro Porteño,M,High
Álvaro Campuzano,Libertad,Paraguay,988862,Álvaro Campuzano,Libertad,M,High
Diego González,Atlas,Paraguay,1106593,Diego González,Atlas FC,F,High
Hugo Cuenca,Burgos,Paraguay,1397355,Hugo Cuenca,Burgos Club de Fútbol,M,High
Maurício,Palmeiras,Paraguay,961777,Mauricio Dubón,Atlanta Braves,SS,Low - Fallback
Lucas Romero,Universidad de Chile,Paraguay,1201172,Lucas Romero,Universidad de Chile,M,High
Enso González,Wolverhampton Wanderers,Paraguay,1402232,Enso González,Wolverhampton,F,High
Rubén Lezcano,Olimpia,Paraguay,1393308,Rubén Lezcano,Olimpia,M,High
Óscar Romero,Huracán,Paraguay,146416,Óscar Romero,Huracán,M,High
Ángel Romero,Boca Juniors,Paraguay,1197041,Ángel Romero,Boca Juniors,F,High
Antonio Sanabria,Cremonese,Paraguay,333261,Antonio Sanabria,Cremonese,F,High
Julio Enciso,Strasbourg,Paraguay,973556,Julio Enciso,RC Strasbourg,M,High
Gabriel Ávalos,Independiente,Paraguay,789453,Gabriel Ávalos,CA Independiente,F,High
Carlos González,Independiente del Valle,Paraguay,1175756,Carlos González,Independiente del Valle,F,High
Álex Arce,Independiente Rivadavia,Paraguay,1167312,Alex Arce,Independiente Rivadavia,F,Low - Fallback
Adam Bareiro,Boca Juniors,Paraguay,871580,Adam Bareiro,Boca Juniors,F,High
Lorenzo Melgarejo,Libertad,Paraguay,156994,Lorenzo Melgarejo,Libertad,M,High
Isidro Pitta,Red Bull Bragantino,Paraguay,979861,Isidro Pitta,Red Bull Bragantino,F,High
Ronaldo Martínez,Talleres,Paraguay,874452,Ronaldo Martinez,CA Talleres,F,Low - Fallback
Gustavo Caballero,Portsmouth,Paraguay,988656,Gustavo Caballero,Portsmouth,M,High
Robert Morales,UNAM,Paraguay,1087734,Robert Morales,Pumas UNAM,F,High
Adrián Alcaraz,Olimpia,Paraguay,1172470,Adrián Alcaraz,Olimpia,F,High
Rodney Redes,LDU Quito,Paraguay,931228,Rodney Redes,LDU,M,High
Uğurcan Çakır,Galatasaray,Turkey,754330,Uğurcan Çakır,Galatasaray,G,High
Mert Günok,Fenerbahçe,Turkey,39573,Mert Günok,Fenerbahçe,G,High
Altay Bayındır,Manchester United,Turkey,815890,Altay Bayındır,Manchester United,G,High
Ersin Destanoğlu,Beşiktaş,Turkey,913656,Ersin Destanoğlu,Beşiktaş JK,G,High
Muhammed Şengezer,İstanbul Başakşehir,Turkey,827418,Muhammed Şengezer,Başakşehir FK,G,Low - Fallback
Merih Demiral,Al-Ahli,Turkey,806968,Merih Demiral,Al-Ahli,D,High
Zeki Çelik,Roma,Turkey,893008,Zeki Çelik,AS Roma,D,High
Çağlar Söyüncü,Fenerbahçe,Turkey,758608,Çağlar Söyüncü,Fenerbahçe,D,High
Mert Müldür,Fenerbahçe,Turkey,836683,Mert Müldür,Fenerbahçe,D,High
Ferdi Kadıoğlu,Brighton & Hove Albion,Turkey,825844,Ferdi Kadıoğlu,Brighton & Hove Albion,D,High
Ozan Kabak,TSG Hoffenheim,Turkey,857740,Ozan Kabak,TSG Hoffenheim,D,High
Abdülkerim Bardakcı,Galatasaray,Turkey,178963,Abdülkerim Bardakcı,Galatasaray,D,High
Eren Elmalı,Galatasaray,Turkey,981483,Eren Elmalı,Galatasaray,D,High
Samet Akaydin,Çaykur Rizespor,Turkey,863600,Samet Akaydın,Çaykur Rizespor,D,Low - Fallback
Yusuf Akçiçek,Al-Hilal,Turkey,1479523,Yusuf Akçiçek,Al-Hilal,D,High
Mustafa Eskihellaç,Trabzonspor,Turkey,899069,Mustafa Eskihellaç,Trabzonspor,D,High
Ahmetcan Kaplan,NEC,Turkey,1064177,Ahmetcan Kaplan,NEC Nijmegen,D,High
Hakan Çalhanoğlu,Inter Milan,Turkey,135700,Hakan Çalhanoğlu,Inter,M,High
Kaan Ayhan,Galatasaray,Turkey,138152,Kaan Ayhan,Galatasaray,D,High
Orkun Kökçü,Beşiktaş,Turkey,907461,Orkun Kökçü,Beşiktaş JK,M,High
İsmail Yüksek,Fenerbahçe,Turkey,952600,İsmail Yüksek,Fenerbahçe,M,High
Salih Özcan,Borussia Dortmund,Turkey,795005,Salih Özcan,Borussia Dortmund,M,High
Atakan Karazor,VfB Stuttgart,Turkey,801030,Atakan Karazor,VfB Stuttgart,M,High
Demir Ege Tıknaz,Braga,Turkey,1142613,Demir Ege Tıknaz,Sporting Braga,M,High
Kerem Aktürkoğlu,Fenerbahçe,Turkey,903324,Kerem Aktürkoğlu,Fenerbahçe,F,High
İrfan Can Kahveci,Kasımpaşa,Turkey,226986,İrfan Can Kahveci,Kasımpaşa,M,High
Barış Alper Yılmaz,Galatasaray,Turkey,904096,Barış Alper Yılmaz,Galatasaray,M,High
Arda Güler,Real Madrid,Turkey,1091116,Arda Güler,Real Madrid,M,High
Kenan Yıldız,Juventus,Turkey,1149011,Kenan Yıldız,Juventus,F,High
Yunus Akgün,Galatasaray,Turkey,857738,Yunus Akgün,Galatasaray,M,High
Oğuz Aydın,Fenerbahçe,Turkey,999396,Oğuz Aydın,Fenerbahçe,M,High
Deniz Gül,Porto,Turkey,1407720,Deniz Gül,FC Porto,F,High
Yusuf Sarı,İstanbul Başakşehir,Turkey,896364,Yusuf Sarı,Başakşehir FK,M,Low - Fallback
Can Uzun,Eintracht Frankfurt,Turkey,1440948,Can Uzun,Eintracht Frankfurt,M,High
Aral Şimşir,Midtjylland,Turkey,999186,Aral Şimşir,FC Midtjylland,M,High
Matt Turner,New England Revolution,United States,833943,Matt Turner,New England Revolution,G,High
Sergiño Dest,PSV Eindhoven,United States,906021,Sergiño Dest,PSV Eindhoven,D,High
Chris Richards,Crystal Palace,United States,931844,Chris Richards,Crystal Palace,D,High
Tyler Adams,Bournemouth,United States,800419,Tyler Adams,Bournemouth,M,High
Antonee Robinson,Fulham,United States,803174,Antonee Robinson,Fulham,D,High
Auston Trusty,Celtic,United States,822459,Auston Trusty,Celtic,D,High
Giovanni Reyna,Borussia Mönchengladbach,United States,989056,Giovanni Reyna,Borussia M'gladbach,M,Low - Fallback
Weston McKennie,Juventus,United States,881931,Weston McKennie,Juventus,M,High
Ricardo Pepi,PSV Eindhoven,United States,986395,Ricardo Pepi,PSV Eindhoven,F,High
Christian Pulisic,Milan,United States,817957,Christian Pulišić,AC Milan,F,Low - Fallback
Brenden Aaronson,Leeds United,United States,973431,Brenden Aaronson,Leeds United,M,High
Miles Robinson,FC Cincinnati,United States,868843,Miles Robinson,FC Cincinnati,D,High
Tim Ream,Charlotte FC,United States,118179,Tim Ream,Charlotte FC,D,High
Sebastian Berhalter,Vancouver Whitecaps FC,United States,1014845,Sebastian Berhalter,Vancouver Whitecaps,M,High
Cristian Roldan,Seattle Sounders FC,United States,790171,Cristian Roldán,Seattle Sounders FC,M,Low - Fallback
Alex Freeman,Villarreal,United States,1184541,Alexander Freeman,Villarreal,D,Low - Fallback
Malik Tillman,Bayer Leverkusen,United States,975798,Malik Tillman,Bayer 04 Leverkusen,M,Low - Fallback
Maximilian Arfsten,Columbus Crew,United States,1471659,Maximilian Arfsten,Columbus Crew,M,High
Haji Wright,Coventry City,United States,818391,Haji Wright,Coventry City,F,High
Folarin Balogun,Monaco,United States,934237,Folarin Balogun,AS Monaco,F,High
Timothy Weah,Marseille,United States,855810,Tim Weah,Olympique de Marseille,M,Low - Fallback
Mark McKenzie,Toulouse,United States,922759,Mark McKenzie,Toulouse,D,High
Joe Scally,Borussia Mönchengladbach,United States,1002920,Joe Scally,Borussia M'gladbach,D,Low - Fallback
Matt Freese,New York City FC,United States,973436,Matthew Freese,New York City FC,G,Low - Fallback
Chris Brady,Chicago Fire FC,United States,1024293,Chris Brady,Chicago Fire,G,High
Alejandro Zendejas,América,United States,790108,Alejandro Zendejas,América,M,High
Eloy Room,Miami FC,Curaçao,40859,Eloy Room,Miami FC,G,High
Shurandy Sambo,Sparta Rotterdam,Curaçao,916926,Shurandy Sambo,Sparta Rotterdam,D,High
Juriën Gaari,Abha,Curaçao,884944,Jurien Gaari,Abha,D,Low - Fallback
Roshon van Eijma,RKC Waalwijk,Curaçao,925930,Roshon van Eijma,RKC Waalwijk,D,High
Sherel Floranus,PEC Zwolle,Curaçao,803021,Sherel Constancio Floranus,PEC Zwolle,D,Low - Fallback
Godfried Roemeratoe,RKC Waalwijk,Curaçao,825849,Godfried Roemeratoe,RKC Waalwijk,M,High
Juninho Bacuna,Volendam,Curaçao,788971,Juninho Bacuna,FC Volendam,M,High
Livano Comenencia,Zürich,Curaçao,1136642,Livano Comenencia,FC Zürich,D,High
Jürgen Locadia,Miami FC,Curaçao,97409,Jürgen Locadia,Miami FC,F,High
Leandro Bacuna,Iğdır,Curaçao,74545,Leandro Bacuna,Iğdır FK,M,High
Jeremy Antonisse,Kifisia,Curaçao,1092638,Jeremy Antonisse,AE Kifisia,M,High
Sontje Hansen,Middlesbrough,Curaçao,1199057,Sontje Hansen,Middlesbrough,M,High
Tyrese Noslin,Telstar,Curaçao,1469336,Tyrese Noslin,SC Telstar,M,High
Kenji Gorré,Maccabi Haifa,Curaçao,796142,Kenji Gorré,Maccabi Haifa,M,High
Ar'jany Martha,Rotherham United,Curaçao,1004277,Ar'Jany Martha,Rotherham United,D,High
Jearl Margaritha,Beveren,Curaçao,1036004,Jearl Margaritha,SK Beveren,M,High
Brandley Kuwas,Volendam,Curaçao,252885,Brandley Kuwas,FC Volendam,M,High
Armando Obispo,PSV Eindhoven,Curaçao,825838,Armando Obispo,PSV Eindhoven,D,High
Gervane Kastaneer,Terengganu,Curaçao,798178,Gervane Kastaneer,Terengganu,F,High
Joshua Brenet,Kayserispor,Curaçao,296438,Joshua Brenet,Kayserispor,D,High
Tahith Chong,Sheffield United,Curaçao,825845,Tahith Chong,Sheffield United,M,High
Kevin Felida,Den Bosch,Curaçao,896215,Kevin Felida,FC Den Bosch,M,High
Riechedly Bazoer,Konyaspor,Curaçao,227196,Riechedly Bazoer,Konyaspor,D,High
Deveron Fonville,NEC,Curaçao,1177177,Deveron Fonville,NEC Nijmegen,D,High
Tyrick Bodak,Telstar,Curaçao,1049270,Tyrick Bodak,SC Telstar,G,High
Trevor Doornbusch,VVV-Venlo,Curaçao,895013,Trevor Iriving Doornbusch,VVV-Venlo,G,Low - Fallback
Manuel Neuer,Bayern Munich,Germany,8959,Manuel Neuer,FC Bayern München,G,Low - Fallback
Antonio Rüdiger,Real Madrid,Germany,142622,Antonio Rüdiger,Real Madrid,D,High
Waldemar Anton,Borussia Dortmund,Germany,799046,Waldemar Anton,Borussia Dortmund,D,High
Jonathan Tah,Bayern Munich,Germany,227672,Jonathan Tah,FC Bayern München,D,Low - Fallback
Aleksandar Pavlović,Bayern Munich,Germany,1142251,Aleksandar Pavlović,FC Bayern München,M,Low - Fallback
Joshua Kimmich,Bayern Munich,Germany,259117,Joshua Kimmich,FC Bayern München,M,Low - Fallback
Kai Havertz,Arsenal,Germany,836705,Kai Havertz,Arsenal,F,High
Leon Goretzka,Bayern Munich,Germany,184661,Leon Goretzka,FC Bayern München,M,Low - Fallback
Jamie Leweling,VfB Stuttgart,Germany,990201,Jamie Leweling,VfB Stuttgart,M,High
Jamal Musiala,Bayern Munich,Germany,1010231,Jamal Musiala,FC Bayern München,M,Low - Fallback
Nick Woltemade,Newcastle United,Germany,980623,Nick Woltemade,Newcastle United,F,High
Oliver Baumann,TSG Hoffenheim,Germany,40244,Oliver Baumann,TSG Hoffenheim,G,High
Pascal Groß,Brighton & Hove Albion,Germany,48480,Pascal Groß,Brighton & Hove Albion,M,High
Maximilian Beier,Borussia Dortmund,Germany,980628,Maximilian Beier,Borussia Dortmund,F,High
Nico Schlotterbeck,Borussia Dortmund,Germany,940871,Nico Schlotterbeck,Borussia Dortmund,D,High
Angelo Stiller,VfB Stuttgart,Germany,901882,Angelo Stiller,VfB Stuttgart,M,High
Florian Wirtz,Liverpool,Germany,1019322,Florian Wirtz,Liverpool FC,M,High
Nathaniel Brown,Eintracht Frankfurt,Germany,1159759,Nathaniel Brown,Eintracht Frankfurt,D,High
Leroy Sané,Galatasaray,Germany,293519,Leroy Sané,Galatasaray,M,High
Nadiem Amiri,Mainz 05,Germany,327755,Nadiem Amiri,1. FSV Mainz 05,M,High
Alexander Nübel,VfB Stuttgart,Germany,584722,Alexander Nübel,VfB Stuttgart,G,High
David Raum,RB Leipzig,Germany,856076,David Raum,RB Leipzig,D,High
Felix Nmecha,Borussia Dortmund,Germany,907463,Felix Nmecha,Borussia Dortmund,M,High
Malick Thiaw,Newcastle United,Germany,1014286,Malick Thiaw,Newcastle United,D,High
Lennart Karl,Bayern Munich,Germany,1861975,Lennart Karl,FC Bayern München,M,Low - Fallback
Deniz Undav,VfB Stuttgart,Germany,794298,Deniz Undav,VfB Stuttgart,F,High
Yahia Fofana,Çaykur Rizespor,Ivory Coast,877977,Yahia Fofana,Çaykur Rizespor,G,High
Alban Lafont,Panathinaikos,Ivory Coast,826201,Alban Lafont,Panathinaikos FC,G,High
Mohamed Koné,Charleroi,Ivory Coast,1131009,Mohamed Koné,RC Sporting Charleroi,G,High
Ghislain Konan,Gil Vicente,Ivory Coast,831781,Ghislain Konan,Gil Vicente,D,High
Odilon Kossounou,Atalanta,Ivory Coast,973437,Odilon Kossounou,Atalanta,D,High
Wilfried Singo,Galatasaray,Ivory Coast,978285,Wilfried Singo,Galatasaray,D,High
Evan Ndicka,Roma,Ivory Coast,848287,Evan Ndicka,AS Roma,D,High
Emmanuel Agbadou,Beşiktaş,Ivory Coast,1013842,Emmanuel Agbadou,Beşiktaş JK,D,High
Guéla Doué,Strasbourg,Ivory Coast,1002033,Guéla Doué,RC Strasbourg,D,High
Ousmane Diomande,Sporting CP,Ivory Coast,1394342,Ousmane Diomande,Sporting CP,D,High
Christopher Opéri,İstanbul Başakşehir,Ivory Coast,858977,Christopher Operi,Başakşehir FK,D,Low - Fallback
Franck Kessié,Al-Ahli,Ivory Coast,359226,Franck Kessié,Al-Ahli,M,High
Jean Michaël Seri,Maribor,Ivory Coast,305282,Jean Michaël Seri,NK Maribor,M,High
Ibrahim Sangaré,Nottingham Forest,Ivory Coast,843754,Ibrahim Sangaré,Nottingham Forest,M,High
Seko Fofana,Porto,Ivory Coast,191188,Seko Fofana,FC Porto,M,High
Christ Inao Oulaï,Trabzonspor,Ivory Coast,1888002,Christ Inao Oulaï,Trabzonspor,M,High
Parfait Guiagon,Charleroi,Ivory Coast,1030459,Parfait Guiagon,RC Sporting Charleroi,M,High
Nicolas Pépé,Villarreal,Ivory Coast,593526,Nicolas Pépé,Villarreal,F,High
Oumar Diakité,Cercle Brugge,Ivory Coast,1188191,Oumar Diakité,Cercle Brugge,F,High
Simon Adingra,Monaco,Ivory Coast,1110842,Simon Adingra,AS Monaco,M,High
Evann Guessand,Crystal Palace,Ivory Coast,930245,Evann Guessand,Crystal Palace,F,High
Amad Diallo,Manchester United,Ivory Coast,971037,Amad Diallo,Manchester United,F,High
Yan Diomande,RB Leipzig,Ivory Coast,2087085,Yan Diomande,RB Leipzig,F,High
Bazoumana Touré,TSG Hoffenheim,Ivory Coast,1568123,Bazoumana Touré,TSG Hoffenheim,M,High
Elye Wahi,Nice,Ivory Coast,979315,Elye Wahi,Nice,F,High
Ange-Yoan Bonny,Inter Milan,Ivory Coast,1086223,Ange-Yoan Bonny,Inter,F,High
Zion Suzuki,Parma,Japan,905351,Zion Suzuki,Parma,G,High
Yukinari Sugawara,Werder Bremen,Japan,905347,Yukinari Sugawara,SV Werder Bremen,D,High
Shōgo Taniguchi,Sint-Truiden,Japan,386958,Shogo Taniguchi,Sint-Truidense VV,D,Low - Fallback
Kō Itakura,Ajax,Japan,790989,Ko Itakura,AFC Ajax,D,Low - Fallback
Yūto Nagatomo,FC Tokyo,Japan,34639,Yuto Nagatomo,FC Tokyo,D,Low - Fallback
Wataru Endo,Liverpool,Japan,143040,Wataru Endo,Liverpool FC,M,High
Ao Tanaka,Leeds United,Japan,871886,Ao Tanaka,Leeds United,M,High
Takefusa Kubo,Real Sociedad,Japan,880218,Takefusa Kubo,Real Sociedad,M,High
Keisuke Gotō,Sint-Truiden,Japan,1391315,Keisuke Goto,Sint-Truidense VV,F,Low - Fallback
Ritsu Dōan,Eintracht Frankfurt,Japan,790965,Ritsu Doan,Eintracht Frankfurt,M,Low - Fallback
Daizen Maeda,Celtic,Japan,832420,Daizen Maeda,Celtic,F,High
Keisuke Ōsako,Sanfrecce Hiroshima,Japan,831923,Osako Keisuke,Sanfrecce Hiroshima,G,Low - Fallback
Keito Nakamura,Reims,Japan,905352,Keito Nakamura,Stade de Reims,M,High
Junya Itō,Genk,Japan,783278,Junya Ito,KRC Genk,M,Low - Fallback
Daichi Kamada,Crystal Palace,Japan,794338,Daichi Kamada,Crystal Palace,M,High
Tsuyoshi Watanabe,Feyenoord,Japan,942213,Tsuyoshi Watanabe,Feyenoord,D,High
Yuito Suzuki,SC Freiburg,Japan,1020422,Yuito Suzuki,SC Freiburg,M,High
Ayase Ueda,Feyenoord,Japan,985823,Ayase Ueda,Feyenoord,F,High
Kōki Ogawa,NEC,Japan,831860,Koki Ogawa,NEC Nijmegen,F,Low - Fallback
Ayumu Seko,Le Havre,Japan,873221,Ayumu Seko,Le Havre,D,High
Hiroki Itō,Bayern Munich,Japan,873106,Hiroki Itō,FC Bayern München,D,Low - Fallback
Takehiro Tomiyasu,Ajax,Japan,804434,Takehiro Tomiyasu,AFC Ajax,D,High
Tomoki Hayakawa,Kashima Antlers,Japan,1100230,Tomoki Hayakawa,Kashima Antlers,G,High
Kaishū Sano,Mainz 05,Japan,1028307,Kaishu Sano,1. FSV Mainz 05,M,Low - Fallback
Junnosuke Suzuki,Copenhagen,Japan,1171902,Junnosuke Suzuki,FC København,D,Low - Fallback
Kento Shiogai,VfL Wolfsburg,Japan,1499696,Kento Shiogai,VfL Wolfsburg,F,High
Bart Verbruggen,Brighton & Hove Albion,Netherlands,994363,Bart Verbruggen,Brighton & Hove Albion,G,High
Mark Flekken,Bayer Leverkusen,Netherlands,171919,Mark Flekken,Bayer 04 Leverkusen,G,Low - Fallback
Robin Roefs,Sunderland,Netherlands,1012928,Robin Roefs,Sunderland,G,High
Virgil van Dijk,Liverpool,Netherlands,151545,Virgil van Dijk,Liverpool FC,D,High
Denzel Dumfries,Inter Milan,Netherlands,759520,Denzel Dumfries,Inter,M,High
Nathan Aké,Manchester City,Netherlands,149663,Nathan Aké,Manchester City,D,High
Jurriën Timber,Arsenal,Netherlands,958959,Jurriën Timber,Arsenal,D,High
Micky van de Ven,Tottenham Hotspur,Netherlands,998247,Micky van de Ven,Tottenham Hotspur,D,High
Mats Wieffer,Brighton & Hove Albion,Netherlands,959628,Mats Wieffer,Brighton & Hove Albion,D,High
Jan Paul van Hecke,Brighton & Hove Albion,Netherlands,962012,Jan Paul van Hecke,Brighton & Hove Albion,D,High
Jorrel Hato,Chelsea,Netherlands,1153079,Jorrel Hato,Chelsea,D,High
Frenkie de Jong,Barcelona,Netherlands,795222,Frenkie de Jong,FC Barcelona,M,High
Marten de Roon,Atalanta,Netherlands,100389,Marten de Roon,Atalanta,M,High
Tijjani Reijnders,Manchester City,Netherlands,893549,Tijjani Reijnders,Manchester City,M,High
Teun Koopmeiners,Juventus,Netherlands,803033,Teun Koopmeiners,Juventus,M,High
Ryan Gravenberch,Liverpool,Netherlands,904897,Ryan Gravenberch,Liverpool FC,M,High
Justin Kluivert,Bournemouth,Netherlands,851596,Justin Kluivert,Bournemouth,M,High
Quinten Timber,Marseille,Netherlands,959805,Quinten Timber,Olympique de Marseille,M,High
Guus Til,PSV Eindhoven,Netherlands,845798,Guus Til,PSV Eindhoven,M,High
Memphis Depay,Corinthians,Netherlands,138833,Memphis Depay,Corinthians,F,High
Wout Weghorst,Ajax,Netherlands,252215,Wout Weghorst,AFC Ajax,F,High
Donyell Malen,Roma,Netherlands,803039,Donyell Malen,AS Roma,F,High
Cody Gakpo,Liverpool,Netherlands,862967,Cody Gakpo,Liverpool FC,M,High
Noa Lang,Galatasaray,Netherlands,875136,Noa Lang,Galatasaray,F,High
Brian Brobbey,Sunderland,Netherlands,910048,Brian Brobbey,Sunderland,F,High
Crysencio Summerville,West Ham United,Netherlands,917005,Crysencio Summerville,West Ham United,M,High
Jacob Widell Zetterström,Derby County,Sweden,978728,Jacob Widell Zetterström,Derby County,G,High
Gustaf Lagerbielke,Braga,Sweden,965263,Gustaf Lagerbielke,Sporting Braga,D,High
Victor Lindelöf,Aston Villa,Sweden,143334,Victor Lindelöf,Aston Villa,D,High
Isak Hien,Atalanta,Sweden,1157713,Isak Hien,Atalanta,D,High
Gabriel Gudmundsson,Leeds United,Sweden,834308,Gabriel Gudmundsson,Leeds United,D,High
Herman Johansson,FC Dallas,Sweden,1099794,Herman Johansson,FC Dallas,M,High
Lucas Bergvall,Tottenham Hotspur,Sweden,1391251,Lucas Bergvall,Tottenham Hotspur,M,High
Daniel Svensson,Borussia Dortmund,Sweden,1021272,Daniel Svensson,Borussia Dortmund,M,High
Alexander Isak,Liverpool,Sweden,823941,Alexander Isak,Liverpool FC,F,High
Benjamin Nygren,Celtic,Sweden,918517,Benjamin Nygren,Celtic,F,High
Anthony Elanga,Newcastle United,Sweden,979232,Anthony Elanga,Newcastle United,F,High
Viktor Johansson,Stoke City,Sweden,561430,Viktor Johansson,Stoke City,G,High
Ken Sema,Pafos,Sweden,319847,Ken Sema,Pafos FC,M,High
Hjalmar Ekdal,Burnley,Sweden,875360,Hjalmar Ekdal,Burnley,D,High
Carl Starfelt,Celta Vigo,Sweden,360718,Carl Starfelt,Celta Vigo,D,High
Jesper Karlström,Udinese,Sweden,227894,Jesper Karlström,Udinese,M,High
Viktor Gyökeres,Arsenal,Sweden,804508,Viktor Gyökeres,Arsenal,F,High
Yasin Ayari,Brighton & Hove Albion,Sweden,1036269,Yasin Ayari,Brighton & Hove Albion,M,High
Mattias Svanberg,VfL Wolfsburg,Sweden,796987,Mattias Svanberg,VfL Wolfsburg,M,High
Eric Smith,FC St. Pauli,Sweden,542038,Eric Smith,FC St. Pauli,D,High
Alexander Bernhardsson,Holstein Kiel,Sweden,980916,Alexander Bernhardsson,Holstein Kiel,F,High
Besfort Zeneli,Union Saint-Gilloise,Sweden,1173223,Besfort Zeneli,Royale Union Saint-Gilloise,M,High
Kristoffer Nordfeldt,AIK,Sweden,22596,Kristoffer Nordfeldt,AIK,G,High
Elliot Stroud,Mjällby AIF,Sweden,1383695,Elliot Stroud,Mjällby AIF,M,High
Gustaf Nilsson,Club Brugge,Sweden,572286,Gustaf Nilsson,Club Brugge KV,F,High
Taha Ali,Malmö FF,Sweden,1022820,Taha Abdi Ali,Malmö FF,M,Low - Fallback
Aymen Dahmen,CS Sfaxien,Tunisia,1198374,Aymen Dahmen,CS Sfaxien,G,High
Sabri Ben Hessen,Étoile du Sahel,Tunisia,359312,Sabri Ben Hessen,Etoile Sportive Du Sahel,G,Low - Fallback
Mouhib Chamakh,Club Africain,Tunisia,2018130,Mouhib Chamakh,Club Africain,M,High
Montassar Talbi,Lorient,Tunisia,879618,Montassar Talbi,Lorient,D,High
Dylan Bronn,Servette,Tunisia,845271,Dylan Bronn,Servette FC,D,High
Ali Abdi,Nice,Tunisia,919027,Ali Abdi,Nice,D,High
Yan Valery,Young Boys,Tunisia,826202,Yan Valery,BSC Young Boys,D,High
Mohamed Amine Ben Hamida,Espérance de Tunis,Tunisia,1000809,Mohamed Amine Ben Hamida,Espérance de Tunis,M,High
Moutaz Neffati,IFK Norrköping,Tunisia,1391526,Moutaz Neffati,IFK Norrköping,D,High
Omar Rekik,Maribor,Tunisia,976251,Omar Rekik,NK Maribor,D,High
Adem Arous,Kasımpaşa,Tunisia,2018238,Adem Arous,Kasımpaşa,D,High
Raed Chikhaoui,US Monastir,Tunisia,2018330,Raed Chikhaoui,US Monastir,D,High
Ellyes Skhiri,Eintracht Frankfurt,Tunisia,591706,Ellyes Skhiri,Eintracht Frankfurt,M,High
Hannibal Mejbri,Burnley,Tunisia,1009386,Hannibal Mejbri,Burnley,M,High
Anis Ben Slimane,Norwich City,Tunisia,1006147,Anis Ben Slimane,Norwich City,M,High
Mortadha Ben Ouanes,Kasımpaşa,Tunisia,919225,Mortadha Ben Ouanes,Kasımpaşa,M,High
Ismaël Gharbi,FC Augsburg,Tunisia,1113488,Ismael Gharbi,FC Augsburg,M,Low - Fallback
Hadj Mahmoud,Lugano,Tunisia,2187554,Yosra Ben Hadj Mahmoud,Grenoble Foot 38,M,Low - Fallback
Rani Khedira,Union Berlin,Tunisia,149479,Rani Khedira,1. FC Union Berlin,M,High
Elias Achouri,Copenhagen,Tunisia,945204,Elias Achouri,FC København,M,Low - Fallback
Firas Chaouat,Club Africain,Tunisia,919198,Firas Chaouat,Club Africain,F,High
Hazem Mastouri,Dynamo Makhachkala,Tunisia,1991585,Hazem Mastouri,Dinamo Makhachkala,F,Low - Fallback
Elias Saad,Hannover 96,Tunisia,1130946,Elias Saad,Hannover 96,F,High
Sebastian Tounekti,Celtic,Tunisia,957143,Sebastian Tounekti,Celtic,M,High
Khalil Ayari,Paris Saint-Germain,Tunisia,1606568,Khalil Ayari,Paris Saint-Germain U21,F,High
Rayan Elloumi,Vancouver Whitecaps FC,Tunisia,1872950,Rayan Elloumi,Vancouver Whitecaps,F,High
Thibaut Courtois,Real Madrid,Belgium,70988,Thibaut Courtois,Real Madrid,G,High
Senne Lammens,Manchester United,Belgium,964753,Senne Lammens,Manchester United,G,High
Mike Penders,Strasbourg,Belgium,1149148,Mike Penders,RC Strasbourg,G,High
Thomas Meunier,Lille,Belgium,128587,Thomas Meunier,Lille,D,High
Timothy Castagne,Fulham,Belgium,329417,Timothy Castagne,Fulham,D,High
Arthur Theate,Eintracht Frankfurt,Belgium,965778,Arthur Theate,Eintracht Frankfurt,D,High
Zeno Debast,Sporting CP,Belgium,1126512,Zeno Debast,Sporting CP,D,High
Maxim De Cuyper,Brighton & Hove Albion,Belgium,997152,Maxim De Cuyper,Brighton & Hove Albion,D,High
Brandon Mechele,Club Brugge,Belgium,248331,Brandon Mechele,Club Brugge KV,D,High
Koni De Winter,Milan,Belgium,1001828,Koni De Winter,AC Milan,D,High
Joaquin Seys,Club Brugge,Belgium,1395881,Joaquin Seys,Club Brugge KV,D,High
Nathan Ngoy,Lille,Belgium,1119487,Nathan Ngoy,Lille,D,High
Axel Witsel,Girona,Belgium,35612,Axel Witsel,Girona FC,M,High
Kevin De Bruyne,Napoli,Belgium,70996,Kevin De Bruyne,SSC Napoli,M,High
Youri Tielemans,Aston Villa,Belgium,331737,Youri Tielemans,Aston Villa,M,High
Hans Vanaken,Club Brugge,Belgium,118085,Hans Vanaken,Club Brugge KV,M,High
Amadou Onana,Aston Villa,Belgium,923973,Amadou Onana,Aston Villa,M,High
Nicolas Raskin,Rangers,Belgium,889378,Nicolas Raskin,Rangers,M,High
Romelu Lukaku,Napoli,Belgium,78893,Romelu Lukaku,SSC Napoli,F,High
Leandro Trossard,Arsenal,Belgium,135666,Leandro Trossard,Arsenal,F,High
Jérémy Doku,Manchester City,Belgium,934386,Jérémy Doku,Manchester City,M,High
Dodi Lukébakio,Benfica,Belgium,823631,Dodi Lukebakio,Benfica,M,Low - Fallback
Charles De Ketelaere,Atalanta,Belgium,960441,Charles De Ketelaere,Atalanta,F,High
Alexis Saelemaekers,Milan,Belgium,901891,Alexis Saelemaekers,AC Milan,M,High
Diego Moreira,Strasbourg,Belgium,1142233,Diego Moreira,RC Strasbourg,M,High
Matias Fernandez-Pardo,Lille,Belgium,1149144,Matías Fernández-Pardo,Lille,F,Low - Fallback
Mohamed El Shenawy,Al Ahly,Egypt,871735,Mohamed El-Shenawy,Al Ahly FC,G,Low - Fallback
Mostafa Shobeir,Al Ahly,Egypt,1048378,Mostafa Shobeir,Al Ahly FC,G,High
Mohamed Alaa,El Gouna,Egypt,1980828,Mohamed Alaa,El Gouna FC,G,High
El Mahdy Soliman,Zamalek,Egypt,918547,El Mahdy Soliman,Zamalek,G,High
Hamdy Fathy,Al-Wakrah,Egypt,918913,Hamdy Fathy,Al-Wakrah,M,High
Ramy Rabia,Al Ain,Egypt,295339,Rami Rabia,Al-Ain,D,Low - Fallback
Mohamed Hany,Al Ahly,Egypt,826545,Mohamed Hany,Al Ahly FC,D,High
Ahmed Fatouh,Zamalek,Egypt,880622,Ahmed Fatouh,Zamalek SC,D,High
Mohamed Abdelmonem,Nice,Egypt,926506,Mohamed Abdelmonem,Nice,D,High
Yasser Ibrahim,Al Ahly,Egypt,333441,Yasser Ibrahim,Al Ahly FC,D,High
Hossam Abdelmaguid,Zamalek,Egypt,1063327,Hossam Abdelmaguid,Zamalek SC,D,High
Karim Hafez,Pyramids,Egypt,577736,Karim Hafez,Pyramids FC,D,High
Tarek Alaa,ZED,Egypt,1480544,Tarek Alaa,ZED FC,D,High
Marwan Attia,Al Ahly,Egypt,1013699,Marwan Attia,Al Ahly FC,M,High
Emam Ashour,Al Ahly,Egypt,967032,Emam Ashour,Al Ahly FC,M,High
Mohanad Lasheen,Pyramids,Egypt,918506,Mohanad Lasheen,Pyramids FC,M,High
Mahmoud Saber,ZED,Egypt,1101624,Mahmoud Saber,ZED FC,M,High
Nabil Emad,Al-Najma,Egypt,1490344,Nabil Emad,Zamalek SC,M,Low - Fallback
Mostafa Ziko,Pyramids,Egypt,1418782,Mostafa Ziko,Pyramids FC,M,High
Mohamed Salah,Liverpool,Egypt,159665,Mohamed Salah,Liverpool FC,M,High
Trézéguet,Al Ahly,Egypt,295361,Mahmoud Trézéguet,Al Ahly FC,M,Fuzzy
Zizo,Al Ahly,Egypt,547494,Zizo,Al Ahly FC,M,High
Omar Marmoush,Manchester City,Egypt,873554,Omar Marmoush,Manchester City,F,High
Ibrahim Adel,Nordsjælland,Egypt,1008171,Ibrahim Adel,FC Nordsjælland,M,High
Haissem Hassan,Oviedo,Egypt,942836,Haissem Hassan,Real Oviedo,M,High
Hamza Abdelkarim,Barcelona B,Egypt,1961596,Hamza Abdelkarim,Barcelona U19,F,Low - Fallback
Alireza Beiranvand,Tractor,Iran,791374,Alireza Beiranvand,Tractor FC,G,High
Payam Niazmand,Persepolis,Iran,932221,Payam Niazmand,Persepolis FC,G,High
Hossein Hosseini,Sepahan,Iran,328769,Hossein Hosseini,Sepahan S.C.,G,High
Mohammad Khalife,Aluminium Arak,Iran,1464886,Mohammad Khalife,Aluminium Arak,G,High
Ehsan Hajsafi,Sepahan,Iran,1196902,Ehsan Hajsafi,Sepahan S.C.,D,High
Milad Mohammadi,Persepolis,Iran,812531,Milad Mohammadi,Persepolis FC,D,High
Ramin Rezaeian,Foolad,Iran,786133,Ramin Rezaeian,Foolad Khuzestan,M,High
Hossein Kanaanizadegan,Persepolis,Iran,812952,Hossein Kanaanizadegan,Persepolis,D,High
Shojae Khalilzadeh,Tractor,Iran,223340,Shoja Khalilzadeh,Tractor FC,D,Low - Fallback
Saleh Hardani,Esteghlal,Iran,1836024,Saleh Hardani,Esteghlal FC,D,High
Ali Nemati,Foolad,Iran,932486,Ali Nemati,Foolad Khuzestan,D,High
Aria Yousefi,Sepahan,Iran,1170977,Aria Yousefi,Sepahan S.C.,M,High
Danial Eiri,Malavan,Iran,1464876,Danial Eiri,Malavan Bandar Anzali FC,D,High
Alireza Jahanbakhsh,Dender,Iran,331837,Alireza Jahanbakhsh,FCV Dender,F,High
Saeid Ezatolahi,Shabab Al-Ahli,Iran,359334,Saeid Ezatolahi,Shabab Al-Ahli Dubai,M,High
Saman Ghoddos,Kalba,Iran,548050,Saman Ghoddos,Al-Ittihad Kalba,M,High
Mehdi Torabi,Tractor,Iran,812953,Mahdi Torabi,Tractor FC,F,Low - Fallback
Rouzbeh Cheshmi,Esteghlal,Iran,828230,Rouzbeh Cheshmi,Esteghlal,M,High
Omid Noorafkan,Sepahan,Iran,871355,Omid Noorafkan,Sepahan S.C.,D,High
Mohammad Mohebi,Rostov,Iran,996805,Mohammad Mohebi,FC Rostov,F,High
Mohammad Ghorbani,Al-Wahda,Iran,1171024,Mohammad Ghorbani,Al-Wahda FC,M,High
Amirmohammad Razzaghinia,Esteghlal,Iran,1500737,Amirmohammad Razzaghinia,Esteghlal FC,M,High
Hadi Habibinejad,Chadormalou,Iran,791473,Hadi Habibinejad,Chador Malu Yazd,M,Low - Fallback
Mehdi Taremi,Olympiacos,Iran,812533,Mehdi Taremi,Olympiacos FC,F,High
Mehdi Ghayedi,Al-Nasr,Iran,881182,Mehdi Ghayedi,Al-Nasr Dubai,M,High
Amirhossein Hosseinzadeh,Tractor,Iran,905472,Amirhossein Hosseinzadeh,Tractor FC,F,High
Ali Alipour,Persepolis,Iran,791368,Ali Alipour,Persepolis FC,F,High
Kasra Taheri,Paykan,Iran,1500783,Kasra Taheri,Paykan,F,High
Amirhossein Mahmoudi,Persepolis,Iran,2195590,Amirhossein Mahmoudi,Persepolis FC,F,High
Dennis Eckert,Standard Liège,Iran,812797,Dennis Eckert Ayensa,Standard Liège,F,Fuzzy
Max Crocombe,Millwall,New Zealand,197904,Max Crocombe,Millwall,G,High
Tim Payne,Wellington Phoenix,New Zealand,155882,Tim Payne,Wellington Phoenix,D,High
Francis de Vries,Auckland FC,New Zealand,867714,Francis De Vries,Auckland FC,D,High
Tyler Bindon,Sheffield United,New Zealand,1514870,Tyler Bindon,Sheffield United,D,High
Michael Boxall,Minnesota United FC,New Zealand,38624,Michael Boxall,Minnesota United,D,High
Joe Bell,Viking,New Zealand,822749,Joe Bell,Viking FK,M,High
Matthew Garbett,Peterborough United,New Zealand,1002607,Matthew Garbett,Peterborough United,M,High
Marko Stamenić,Swansea City,New Zealand,1002620,Marko Stamenić,Swansea City,M,High
Chris Wood,Nottingham Forest,New Zealand,50480,Chris Wood,Nottingham Forest,F,High
Sarpreet Singh,Wellington Phoenix,New Zealand,822743,Sarpreet Singh,Wellington Phoenix,M,High
Elijah Just,Motherwell,New Zealand,905267,Elijah Just,Motherwell,M,High
Alex Paulsen,Lechia Gdańsk,New Zealand,1000379,Alex Paulsen,KS Lechia Gdańsk,G,High
Liberato Cacace,Wrexham,New Zealand,905264,Liberato Cacace,Wrexham,M,High
Alex Rufer,Wellington Phoenix,New Zealand,356256,Alex Rufer,Wellington Phoenix,M,High
Nando Pijnaker,Auckland FC,New Zealand,982371,Nando Pijnaker,Auckland FC,D,High
Finn Surman,Portland Timbers,New Zealand,1167100,Finn Surman,Portland Timbers,D,High
Kosta Barbarouses,Western Sydney Wanderers,New Zealand,31857,Kosta Barbarouses,Western Sydney Wanderers,F,High
Ben Waine,Port Vale,New Zealand,944481,Ben Waine,Port Vale,F,High
Ben Old,Saint-Étienne,New Zealand,1122425,Benjamin Old,Saint-Étienne,M,Low - Fallback
Callum McCowatt,Silkeborg,New Zealand,822753,Callum McCowatt,Silkeborg IF,M,High
Jesse Randall,Auckland FC,New Zealand,1002506,Jesse Randall,Auckland FC,F,High
Michael Woud,Auckland FC,New Zealand,822737,Michael Woud,Auckland FC,G,High
Ryan Thomas,PEC Zwolle,New Zealand,333571,Ryan Thomas,PEC Zwolle,M,High
Callan Elliot,Auckland FC,New Zealand,959750,Callan Elliot,Auckland FC,D,High
Lachlan Bayliss,Newcastle Jets,New Zealand,1414979,Lachlan Bayliss,Newcastle Jets,M,High
Tommy Smith,Braintree Town,New Zealand,38111,Tommy Smith,Braintree Town,D,High
Vozinha,Chaves,Cape Verde,307436,Vozinha,Chaves,G,High
Márcio Rosa,Montana,Cape Verde,892133,Márcio Rosa,PFK Montana 1921,G,High
CJ dos Santos,San Diego FC,Cape Verde,906020,CJ Dos Santos,San Diego FC,G,High
Stopira,Torreense,Cape Verde,59609,Stopira,Torreense,D,High
Roberto Lopes,Shamrock Rovers,Cape Verde,2078867,Roberto Lopes,UFC Moitense,D,Low - Fallback
João Paulo,FCSB,Cape Verde,1001675,João Paulo,FCSB,M,High
Diney,Al Bataeh,Cape Verde,784677,Diney Borges,Al Bataeh,D,Fuzzy
Logan Costa,Villarreal,Cape Verde,911853,Logan Costa,Villarreal,D,High
Steven Moreira,Columbus Crew,Cape Verde,287833,Steven Moreira,Columbus Crew,D,High
Wagner Pina,Trabzonspor,Cape Verde,1513625,Wagner Pina,Trabzonspor,D,High
Sidny Lopes Cabral,Benfica,Cape Verde,1117723,Sidny Lopes Cabral,Benfica,D,High
Kelvin Pires,SJK,Cape Verde,1048591,Kelvin Pires,SJK,D,High
Jamiro Monteiro,PEC Zwolle,Cape Verde,815080,Jamiro Monteiro,PEC Zwolle,M,High
Kevin Pina,Krasnodar,Cape Verde,2176131,Kevin Carreras Pérez,Chelsea Pinar FC,F,Low - Fallback
Deroy Duarte,Ludogorets Razgrad,Cape Verde,921089,Deroy Duarte,Ludogorets,M,High
Telmo Arcanjo,Vitória de Guimarães,Cape Verde,1035280,Telmo Arcanjo,Vitória SC,M,Low - Fallback
Laros Duarte,Puskás Akadémia,Cape Verde,798177,Laros Duarte,Puskás Akadémia,M,High
Yannick Semedo,Farense,Cape Verde,818064,Yannick Semedo,SC Farense,M,High
Ryan Mendes,Iğdır,Cape Verde,52797,Ryan Mendes,Iğdır FK,M,High
Garry Rodrigues,Apollon Limassol,Cape Verde,787429,Garry Rodrigues,Apollon Limassol,M,High
Willy Semedo,Omonia,Cape Verde,889052,Willy Semedo,Omonia Nicosia,M,High
Jovane Cabral,Estrela Amadora,Cape Verde,845802,Jovane Cabral,CF Estrela Amadora,F,High
Gilson Benchimol,Akron Tolyatti,Cape Verde,1111215,Gilson Benchimol,Akron Tolyatti,F,High
Dailon Livramento,Casa Pia,Cape Verde,1155358,Dailon Rocha Livramento,Casa Pia,F,Low - Fallback
Hélio Varela,Maccabi Tel Aviv,Cape Verde,1094395,Hélio Varela,Maccabi Tel Aviv,M,High
Nuno da Costa,İstanbul Başakşehir,Cape Verde,209374,Nuno Da Costa,Başakşehir FK,F,Low - Fallback
Mohammed Al-Owais,Al-Ula,Saudi Arabia,791416,Mohammed Al-Owais,Al Ula,G,Low - Fallback
Nawaf Al-Aqidi,Al-Nassr,Saudi Arabia,1014518,Nawaf Al-Aqidi,Al-Nassr,G,High
Ahmed Al-Kassar,Al-Qadsiah,Saudi Arabia,818749,Ahmed Al-Kassar,Al-Qadsiah,G,High
Abdulquddus Atiah,Al-Taawoun,Saudi Arabia,925459,Abdulquddus Atiah,Al-Taawoun,G,High
Saud Abdulhamid,Lens,Saudi Arabia,966849,Saud Abdulhamid,RC Lens,M,High
Hassan Al-Tambakti,Al-Hilal,Saudi Arabia,881837,Hassan Al-Tambakti,Al-Hilal,D,High
Abdulelah Al-Amri,Al-Nassr,Saudi Arabia,881831,Abdulelah Al-Amri,Al-Nassr,D,High
Nawaf Boushal,Al-Nassr,Saudi Arabia,986400,Nawaf Boushal,Al-Nassr,D,High
Ali Lajami,Al-Hilal,Saudi Arabia,818667,Ali Lajami,Al-Hilal,D,High
Ali Majrashi,Al-Ahli,Saudi Arabia,917035,Ali Majrashi,Al-Ahli,D,High
Hassan Kadesh,Al-Ittihad,Saudi Arabia,847235,Hassan Kadesh,Al-Ittihad,D,High
Moteb Al-Harbi,Al-Hilal,Saudi Arabia,1022679,Moteb Al-Harbi,Al-Hilal,D,High
Jehad Thakri,Al-Qadsiah,Saudi Arabia,1845169,Jehad Thakri,Al-Qadsiah,D,High
Mohammed Abu Al-Shamat,Al-Qadsiah,Saudi Arabia,1804369,Mohammed Abu Al-Shamat,Al-Qadsiah,M,High
Zakaria Hawsawi,Al-Ahli,Saudi Arabia,1398854,Zakaria Hawsawi,Al-Ahli,D,High
Salem Al-Dawsari,Al-Hilal,Saudi Arabia,160893,Salem Al-Dawsari,Al-Hilal,M,High
Mohamed Kanno,Al-Hilal,Saudi Arabia,828524,Mohamed Kanno,Al-Hilal,M,High
Nasser Al-Dawsari,Al-Hilal,Saudi Arabia,872607,Nasser Al-Dawsari,Al-Hilal,M,High
Abdullah Al-Khaibari,Al-Nassr,Saudi Arabia,867179,Abdullah Al-Khaibari,Al-Nassr,M,High
Musab Al-Juwayr,Al-Qadsiah,Saudi Arabia,1106234,Musab Al Juwayr,Al-Qadsiah,M,Low - Fallback
Ayman Yahya,Al-Nassr,Saudi Arabia,1130539,Ayman Yahya,Al-Nassr,M,High
Saleh Abu Al-Shamat,Al-Ahli,Saudi Arabia,1429250,Saleh Abu Al-Shamat,Al-Ahli,M,High
Ziyad Al-Johani,Al-Ahli,Saudi Arabia,1048372,Ziyad Al-Johani,Al-Ahli,M,High
Sultan Mandash,Al-Hilal,Saudi Arabia,818568,Sultan Mandash,Al-Hilal,F,High
Alaa Al-Hejji,Neom,Saudi Arabia,826242,Alaa Al-Hejji,Neom,M,High
Firas Al-Buraikan,Al-Ahli,Saudi Arabia,893307,Firas Al-Buraikan,Al-Ahli,F,High
Saleh Al-Shehri,Al-Ittihad,Saudi Arabia,818779,Saleh Al-Shehri,Al-Ittihad,F,High
Abdullah Al-Hamdan,Al-Nassr,Saudi Arabia,915991,Abdullah Al-Hamdan,Al-Nassr,F,High
Khalid Al-Ghannam,Al-Ettifaq,Saudi Arabia,976538,Khalid Al-Ghannam,Al-Ettifaq,F,High
Abdullah Al-Salem,Al-Qadsiah,Saudi Arabia,818674,Abdullah Al-Salem,Al-Qadsiah,F,High
Unai Simón,Athletic Bilbao,Spain,797291,Unai Simón,Athletic Club,G,Low - Fallback
David Raya,Arsenal,Spain,581310,David Raya,Arsenal,G,High
Joan Garcia,Barcelona,Spain,930267,Joan García,FC Barcelona,G,Low - Fallback
Aymeric Laporte,Athletic Bilbao,Spain,149734,Aymeric Laporte,Athletic Club,D,Low - Fallback
Marc Cucurella,Chelsea,Spain,794939,Marc Cucurella,Chelsea,D,High
Marcos Llorente,Atlético Madrid,Spain,353138,Marcos Llorente,Atlético Madrid,D,High
Eric García,Barcelona,Spain,876214,Eric García,FC Barcelona,D,High
Pedro Porro,Tottenham Hotspur,Spain,913654,Pedro Porro,Tottenham Hotspur,D,High
Álex Grimaldo,Bayer Leverkusen,Spain,177177,Alejandro Grimaldo,Bayer 04 Leverkusen,M,Low - Fallback
Pau Cubarsí,Barcelona,Spain,1402913,Pau Cubarsí,FC Barcelona,D,High
Marc Pubill,Atlético Madrid,Spain,1094106,Marc Pubill,Atlético Madrid,D,High
Rodri,Manchester City,Spain,827606,Rodri,Manchester City,M,High
Mikel Merino,Arsenal,Spain,592010,Mikel Merino,Arsenal,M,High
Fabián Ruiz,Paris Saint-Germain,Spain,784655,Fabián Ruiz,Paris Saint-Germain,M,High
Pedri,Barcelona,Spain,992587,Pedri,FC Barcelona,M,High
Gavi,Barcelona,Spain,1103693,Pablo Gavi,FC Barcelona,M,Fuzzy
Martín Zubimendi,Arsenal,Spain,966837,Martín Zubimendi,Arsenal,M,High
Álex Baena,Atlético Madrid,Spain,910031,Alex Baena,Atlético Madrid,M,Low - Fallback
Ferran Torres,Barcelona,Spain,855833,Ferran Torres,FC Barcelona,F,High
Mikel Oyarzabal,Real Sociedad,Spain,823622,Mikel Oyarzabal,Real Sociedad,F,High
Dani Olmo,Barcelona,Spain,789071,Dani Olmo,FC Barcelona,M,High
Nico Williams,Athletic Bilbao,Spain,1085400,Nico Williams,Athletic Club,M,Low - Fallback
Lamine Yamal,Barcelona,Spain,1402912,Lamine Yamal,FC Barcelona,M,High
Yéremy Pino,Crystal Palace,Spain,984624,Yéremy Pino,Crystal Palace,F,High
Borja Iglesias,Celta Vigo,Spain,785989,Borja Iglesias,Celta Vigo,F,High
Víctor Muñoz,Osasuna,Spain,1145642,Victor Muñoz,Osasuna,F,Low - Fallback
Brice Samba,Rennes,France,164055,Brice Samba,Stade Rennais,G,Low - Fallback
Malo Gusto,Chelsea,France,996958,Malo Gusto,Chelsea,D,High
Lucas Digne,Aston Villa,France,96538,Lucas Digne,Aston Villa,D,High
Dayot Upamecano,Bayern Munich,France,798583,Dayot Upamecano,FC Bayern München,D,Low - Fallback
Jules Koundé,Barcelona,France,827212,Jules Koundé,FC Barcelona,D,High
Manu Koné,Roma,France,974087,Manu Koné,AS Roma,M,High
Ousmane Dembélé,Paris Saint-Germain,France,818244,Ousmane Dembélé,Paris Saint-Germain,F,High
Aurélien Tchouaméni,Real Madrid,France,859025,Aurélien Tchouaméni,Real Madrid,M,High
Marcus Thuram,Inter Milan,France,791702,Marcus Thuram,Inter,F,High
Kylian Mbappé,Real Madrid,France,826643,Kylian Mbappé,Real Madrid,F,High
Michael Olise,Bayern Munich,France,978838,Michael Olise,FC Bayern München,M,Low - Fallback
Bradley Barcola,Paris Saint-Germain,France,996952,Bradley Barcola,Paris Saint-Germain,F,High
N'Golo Kanté,Fenerbahçe,France,234148,N'Golo Kanté,Fenerbahçe,M,High
Adrien Rabiot,Milan,France,250737,Adrien Rabiot,AC Milan,M,High
Ibrahima Konaté,Liverpool,France,826215,Ibrahima Konaté,Liverpool FC,D,High
Mike Maignan,Milan,France,191210,Mike Maignan,AC Milan,G,High
William Saliba,Arsenal,France,941168,William Saliba,Arsenal,D,High
Warren Zaïre-Emery,Paris Saint-Germain,France,1142672,Warren Zaïre-Emery,Paris Saint-Germain,M,High
Théo Hernandez,Al-Hilal,France,788027,Theo Hernández,Al-Hilal,D,Low - Fallback
Désiré Doué,Paris Saint-Germain,France,1154605,Désiré Doué,Paris Saint-Germain,F,High
Lucas Hernandez,Paris Saint-Germain,France,352370,Lucas Hernández,Paris Saint-Germain,D,Low - Fallback
Jean-Philippe Mateta,Crystal Palace,France,848276,Jean Philippe Mateta,Crystal Palace,F,Low - Fallback
Robin Risser,Lens,France,1387161,Robin Risser,RC Lens,G,High
Rayan Cherki,Manchester City,France,979128,Rayan Cherki,Manchester City,M,High
Maghnes Akliouche,Monaco,France,1130939,Maghnes Akliouche,AS Monaco,M,High
Maxence Lacroix,Crystal Palace,France,879674,Maxence Lacroix,Crystal Palace,D,High
Jalal Hassan,Al-Zawraa,Iraq,196454,Jalal Hassan,Al-Zawraa,G,High
Fahad Talib,Al-Talaba,Iraq,884092,Fahad Talib,Al Talaba,G,Low - Fallback
Ahmed Basil,Al-Shorta,Iraq,888896,Ahmed Basil,Al-Shorta,G,High
Kumel Al-Rekabe,Erbil,Iraq,1500415,Kumel Al Rekabe,Erbil SC,G,Low - Fallback
Rebin Sulaka,Port,Iraq,362504,Rebin Sulaka,Port FC,D,High
Manaf Younis,Al-Shorta,Iraq,1176558,Manaf Younis,Al-Shorta,D,High
Merchas Doski,Viktoria Plzeň,Iraq,1381224,Merchas Doski,FC Viktoria Plzeň,D,High
Hussein Ali,Pogoń Szczecin,Iraq,962056,Hussein Ali,Pogoń Szczecin,D,High
Zaid Tahseen,Pakhtakor,Iraq,1150051,Zaid Tahseen,Pakhtakor Tashkent,D,High
Frans Putros,Persib,Iraq,851676,Frans Putros,Persib Bandung,D,High
Maitham Jabbar,Al-Zawraa,Iraq,906078,Maitham Jabbar,Al-Zawraa,D,High
Ahmed Yahya,Al-Shorta,Iraq,1461233,Ahmed Yahya,Al-Shorta,D,High
Mustafa Saadoon,Al-Shorta,Iraq,1500435,Mustafa Saadoon,Al-Shorta,D,High
Akam Hashim,Al-Zawraa,Iraq,1631451,Akam Hashem,Al-Zawraa,D,Low - Fallback
Ahmed Maknzi,Al-Karma,Iraq,1381227,Ahmed Hasan Maknazi,Al Karma SC,D,Low - Fallback
Dario Naamo,Dundee United,Iraq,1385140,Dario Naamo,Dundee United,D,High
Ibrahim Bayesh,Al-Dhafra,Iraq,920815,Ibrahim Bayesh,Al-Dhafra,M,High
Amir Al-Ammari,Cracovia,Iraq,915325,Amir Al-Ammari,Cracovia,M,High
Ali Jasim,Al-Najma,Iraq,1066729,Ali Jasim,Al-Najma SC,M,High
Youssef Amyn,AEK Larnaca,Iraq,1106352,Youssef Amyn,AEK Larnaca,M,High
Zidane Iqbal,Utrecht,Iraq,1014225,Zidane Iqbal,FC Utrecht,M,High
Hasan Abdulkareem,Al-Zawraa,Iraq,1163994,Hasan Abdulkareem,Al-Zawraa,M,High
Marko Farji,Venezia,Iraq,1026519,Marko Farji,Venezia,M,High
Karrar Nabeel,Al-Zawraa,Iraq,954095,Karar Nabeel,Al-Zawraa,M,Low - Fallback
Kevin Yakob,AGF,Iraq,936451,Kevin Yakob,AGF,M,High
Aimar Sher,Sarpsborg 08,Iraq,981574,Aimar Sher,Sarpsborg 08,M,High
Zaid Ismail,Al-Talaba,Iraq,1843356,Zaid Ismail,Al Talaba,M,Low - Fallback
Peter Gwargis,Duhok,Iraq,920019,Peter Gwargis,Duhok SC,M,High
Jussef Nasrawe,SV Ried,Iraq,1922533,Jussef Nasrawe,SV Ried,M,High
Ahmed Qasem,Nashville SC,Iraq,1101887,Ahmed Qasem,Nashville SC,M,High
Aymen Hussein,Al-Karma,Iraq,812999,Aymen Hussein,Al Karma SC,F,Low - Fallback
Mohanad Ali,Dibba,Iraq,951859,Mohanad Ali,Dibba Al-Fujairah,F,High
Ali Al-Hamadi,Luton Town,Iraq,1010010,Ali Al-Hamadi,Luton Town,F,High
Ali Yousif,Al-Talaba,Iraq,834492,Ali Yousif,Al Talaba,F,Low - Fallback
Ørjan Nyland,Sevilla,Norway,22209,Ørjan Nyland,Sevilla,G,High
Morten Thorsby,Cremonese,Norway,280991,Morten Thorsby,Cremonese,M,High
Kristoffer Ajer,Brentford,Norway,576384,Kristoffer Ajer,Brentford,D,High
Leo Østigård,Genoa,Norway,879746,Leo Østigård,Genoa,D,High
David Møller Wolfe,Wolverhampton Wanderers,Norway,1031283,David Møller Wolfe,Wolverhampton,D,High
Patrick Berg,Bodø/Glimt,Norway,355174,Patrick Berg,Bodø/Glimt,M,High
Alexander Sørloth,Atlético Madrid,Norway,309078,Alexander Sørloth,Atlético Madrid,F,High
Sander Berge,Fulham,Norway,793167,Sander Berge,Fulham,M,High
Erling Haaland,Manchester City,Norway,839956,Erling Haaland,Manchester City,F,High
Martin Ødegaard,Arsenal,Norway,547410,Martin Ødegaard,Arsenal,M,High
Jørgen Strand Larsen,Crystal Palace,Norway,876599,Jørgen Strand Larsen,Crystal Palace,F,High
Sander Tangvik,Hamburger SV,Norway,1030355,Sander Tangvik,Hamburger SV,G,High
Egil Selvik,Watford,Norway,798176,Egil Selvik,Watford,G,High
Fredrik Aursnes,Benfica,Norway,228364,Fredrik Aursnes,Benfica,M,High
Fredrik André Bjørkan,Bodø/Glimt,Norway,795154,Fredrik André Bjørkan,Bodø/Glimt,D,High
Marcus Holmgren Pedersen,Torino,Norway,934409,Marcus Holmgren Pedersen,Torino,D,High
Torbjørn Heggem,Bologna,Norway,933264,Torbjørn Heggem,Bologna,D,High
Kristian Thorstvedt,Sassuolo,Norway,924973,Kristian Thorstvedt,Sassuolo,M,High
Thelo Aasgaard,Rangers,Norway,1065989,Thelo Aasgaard,Rangers,M,High
Antonio Nusa,RB Leipzig,Norway,1121923,Antonio Nusa,RB Leipzig,F,High
Andreas Schjelderup,Benfica,Norway,1100952,Andreas Schjelderup,Benfica,F,High
Oscar Bobb,Fulham,Norway,1065216,Oscar Bobb,Fulham,M,High
Jens Petter Hauge,Bodø/Glimt,Norway,838805,Jens Petter Hauge,Bodø/Glimt,F,High
Sondre Langås,Derby County,Norway,1026541,Sondre Langås,Derby County,D,High
Henrik Falchener,Viking,Norway,1022374,Henrik Sælebakke Falchener,Viking FK,D,Low - Fallback
Julian Ryerson,Borussia Dortmund,Norway,800951,Julian Ryerson,Borussia Dortmund,M,High
Édouard Mendy,Al-Ahli,Senegal,845074,Edouard Mendy,Al-Ahli,G,Low - Fallback
Mory Diaw,Le Havre,Senegal,580226,Mory Diaw,Le Havre,G,High
Yehvann Diouf,Nice,Senegal,845183,Yehvann Diouf,Nice,G,High
Kalidou Koulibaly,Al-Hilal,Senegal,126071,Kalidou Koulibaly,Al-Hilal,D,High
Krépin Diatta,Monaco,Senegal,873534,Krépin Diatta,AS Monaco,M,High
Moussa Niakhaté,Lyon,Senegal,758168,Moussa Niakhaté,Olympique Lyonnais,D,High
Ismail Jakobs,Galatasaray,Senegal,897291,Ismail Jakobs,Galatasaray,D,High
Abdoulaye Seck,Maccabi Haifa,Senegal,583896,Abdoulaye Seck,Maccabi Haifa,D,High
El Hadji Malick Diouf,West Ham United,Senegal,1471764,El Hadji Malick Diouf,West Ham United,D,High
Antoine Mendy,Nice,Senegal,1120615,Antoine Mendy,Nice,D,High
Mamadou Sarr,Chelsea,Senegal,1154657,Mamadou Sarr,Chelsea,D,High
Ilay Camara,Anderlecht,Senegal,1397747,Ilay Camara,RSC Anderlecht,D,High
Moustapha Mbow,Paris FC,Senegal,982319,Moustapha Mbow,Paris FC,D,High
Idrissa Gueye,Everton,Senegal,1536811,Idrissa Gueye,Udinese,F,Low - Fallback
Pape Gueye,Villarreal,Senegal,879694,Pape Gueye,Villarreal,M,High
Pape Matar Sarr,Tottenham Hotspur,Senegal,1002711,Pape Matar Sarr,Tottenham Hotspur,M,High
Pathé Ciss,Rayo Vallecano,Senegal,913679,Pathé Ismaël Ciss,Rayo Vallecano,M,Low - Fallback
Lamine Camara,Monaco,Senegal,1389846,Lamine Camara,AS Monaco,M,High
Habib Diarra,Sunderland,Senegal,1128532,Habib Diarra,Sunderland,M,High
Bara Sapoko Ndiaye,Bayern Munich,Senegal,2427970,Bara Sapoko Ndiaye,FC Bayern München,M,Low - Fallback
Sadio Mané,Al-Nassr,Senegal,217704,Sadio Mané,Al-Nassr,M,High
Ismaïla Sarr,Crystal Palace,Senegal,845286,Ismaïla Sarr,Crystal Palace,F,High
Iliman Ndiaye,Everton,Senegal,914309,Iliman Ndiaye,Everton,M,High
Nicolas Jackson,Bayern Munich,Senegal,1085381,Nicolas Jackson,FC Bayern München,F,Low - Fallback
Bamba Dieng,Lorient,Senegal,1102503,Ahmadou Bamba Dieng,Lorient,F,Fuzzy
Cherif Ndiaye,Samsunspor,Senegal,868268,Cherif Ndiaye,Samsunspor,F,High
Ibrahim Mbaye,Paris Saint-Germain,Senegal,1590918,Ibrahim Mbaye,Paris Saint-Germain,F,High
Assane Diao,Como,Senegal,1493689,Assane Diao,Como,F,High
Juan Musso,Atlético Madrid,Argentina,263651,Juan Musso,Atlético Madrid,G,High
Leonardo Balerdi,Marseille,Argentina,928236,Leonardo Balerdi,Olympique de Marseille,D,High
Nicolás Tagliafico,Lyon,Argentina,158243,Nicolás Tagliafico,Olympique Lyonnais,D,High
Gonzalo Montiel,River Plate,Argentina,822933,Gonzalo Montiel,River Plate,D,High
Leandro Paredes,Boca Juniors,Argentina,255389,Leandro Paredes,Boca Juniors,M,High
Lisandro Martínez,Manchester United,Argentina,859999,Lisandro Martínez,Manchester United,D,High
Rodrigo De Paul,Inter Miami CF,Argentina,249399,Rodrigo De Paul,Inter Miami CF,M,High
Valentín Barco,Strasbourg,Argentina,1127057,Valentín Barco,RC Strasbourg,M,High
Julián Alvarez,Atlético Madrid,Argentina,944656,Julián Alvarez,Atlético Madrid,F,High
Lionel Messi,Inter Miami CF,Argentina,12994,Lionel Messi,Inter Miami CF,F,High
Giovani Lo Celso,Real Betis,Argentina,798835,Giovani Lo Celso,Real Betis,M,High
Gerónimo Rulli,Marseille,Argentina,128383,Gerónimo Rulli,Olympique de Marseille,G,High
Cristian Romero,Tottenham Hotspur,Argentina,829932,Cristian Romero,Tottenham Hotspur,D,High
Exequiel Palacios,Bayer Leverkusen,Argentina,822600,Exequiel Palacios,Bayer 04 Leverkusen,M,Low - Fallback
Nicolás González,Atlético Madrid,Argentina,901325,Nicolás González,Atlético Madrid,M,High
Thiago Almada,Atlético Madrid,Argentina,944660,Thiago Almada,Atlético Madrid,M,High
Giuliano Simeone,Atlético Madrid,Argentina,1099352,Giuliano Simeone,Atlético Madrid,M,High
Nico Paz,Como,Argentina,1171451,Nico Paz,Como,M,High
Nicolás Otamendi,Benfica,Argentina,74915,Nicolás Otamendi,Benfica,D,High
Alexis Mac Allister,Liverpool,Argentina,895324,Alexis Mac Allister,Liverpool FC,M,High
José Manuel López,Palmeiras,Argentina,1094179,José Manuel López,Palmeiras,F,High
Lautaro Martínez,Inter Milan,Argentina,823984,Lautaro Martínez,Inter,F,High
Emiliano Martínez,Aston Villa,Argentina,158263,Emiliano Martínez,Aston Villa,G,High
Enzo Fernández,Chelsea,Argentina,974505,Enzo Fernández,Chelsea,M,High
Facundo Medina,Marseille,Argentina,860307,Facundo Medina,Olympique de Marseille,D,High
Nahuel Molina,Atlético Madrid,Argentina,831799,Nahuel Molina,Atlético Madrid,D,High
Alexander Schlager,Red Bull Salzburg,Austria,282073,Alexander Schlager,Red Bull Salzburg,G,High
David Affengruber,Elche,Austria,988672,David Affengruber,Elche,D,High
Kevin Danso,Tottenham Hotspur,Austria,794953,Kevin Danso,Tottenham Hotspur,D,High
Xaver Schlager,RB Leipzig,Austria,791079,Xaver Schlager,RB Leipzig,M,High
Stefan Posch,Mainz 05,Austria,355486,Stefan Posch,1. FSV Mainz 05,D,High
Nicolas Seiwald,RB Leipzig,Austria,976575,Nicolas Seiwald,RB Leipzig,M,High
Marko Arnautović,Red Star Belgrade,Austria,21927,Marko Arnautović,FK Crvena zvezda,F,Low - Fallback
David Alaba,Real Madrid,Austria,66492,David Alaba,Real Madrid,D,High
Marcel Sabitzer,Borussia Dortmund,Austria,133908,Marcel Sabitzer,Borussia Dortmund,M,High
Florian Grillitsch,Braga,Austria,186719,Florian Grillitsch,Sporting Braga,M,High
Michael Gregoritsch,FC Augsburg,Austria,111483,Michael Gregoritsch,FC Augsburg,F,High
Florian Wiegele,Viktoria Plzeň,Austria,869476,Florian Wiegele,FC Viktoria Plzeň,G,High
Patrick Pentz,Brøndby,Austria,788319,Patrick Pentz,Brøndby IF,G,High
Saša Kalajdžić,LASK,Austria,870038,Saša Kalajdžić,LASK,F,High
Philipp Lienhart,SC Freiburg,Austria,576266,Philipp Lienhart,SC Freiburg,D,High
Phillipp Mwene,Mainz 05,Austria,138126,Phillipp Mwene,1. FSV Mainz 05,M,High
Carney Chukwuemeka,Borussia Dortmund,Austria,994556,Carney Chukwuemeka,Borussia Dortmund,M,High
Romano Schmid,Werder Bremen,Austria,830127,Romano Schmid,SV Werder Bremen,M,High
Christoph Baumgartner,RB Leipzig,Austria,825956,Christoph Baumgartner,RB Leipzig,M,High
Konrad Laimer,Bayern Munich,Austria,355492,Konrad Laimer,FC Bayern München,D,Low - Fallback
Patrick Wimmer,VfL Wolfsburg,Austria,987504,Patrick Wimmer,VfL Wolfsburg,M,High
Alexander Prass,TSG Hoffenheim,Austria,978062,Alexander Prass,TSG Hoffenheim,M,High
Marco Friedl,Werder Bremen,Austria,825771,Marco Friedl,SV Werder Bremen,D,High
Paul Wanner,PSV Eindhoven,Austria,1146018,Paul Wanner,PSV Eindhoven,M,High
Michael Svoboda,Venezia,Austria,888340,Michael Svoboda,Venezia,D,High
Alessandro Schöpf,Wolfsberger AC,Austria,147776,Alessandro Schöpf,Wolfsberger AC,M,High
Yazeed Abulaila,Al-Hussein,Jordan,828294,Yazeed Abulaila,Al-Hussein,G,High
Abdallah Al-Fakhouri,Al-Wehdat,Jordan,974747,Abdallah Al-Fakhouri,Al-Wehdat,G,High
Nour Bani Attiah,Al-Faisaly,Jordan,828259,Nour Bani Attiah,Al-Faisaly,G,High
Ahmad Al-Juaidi,Shabab Al-Ordon,Jordan,1014310,Ahmad Al-Juaidi,Shabab Al-Ordon,G,High
Ihsan Haddad,Al-Hussein,Jordan,812997,Ehsan Haddad,Al-Hussein Irbid,M,Low - Fallback
Yazan Al-Arab,FC Seoul,Jordan,888906,Yazan Al-Arab,FC Seoul,D,High
Abdallah Nasib,Al-Zawraa,Jordan,1114497,Abdallah Nasib,Al-Zawraa,D,High
Saed Al-Rosan,Al-Hussein,Jordan,920476,Saed Al-Rosan,Al-Hussein,D,High
Husam Abu Dahab,Al-Faisaly,Jordan,1122369,Husam Abu Dahab,Al-Faisaly,D,High
Mo Abualnadi,Selangor,Jordan,1158813,Mo Abualnadi,Selangor FC,D,High
Salim Obaid,Al-Hussein,Jordan,995615,Salim Rashid Obaid,Al-Ittihad Kalba,D,Low - Fallback
Ahmad Assaf,Al-Hussein,Jordan,1141154,Ahmad Assaf,Al-Hussein Irbid,M,High
Anas Badawi,Al-Faisaly,Jordan,2239188,Anas Badawi,Al Faisaly SC,D,Low - Fallback
Rajaei Ayed,Al-Hussein,Jordan,786030,Rajaei Ayed,Al-Hussein Irbid,M,High
Noor Al-Rawabdeh,Selangor,Jordan,927845,Noor Al-Deen Al Rawabdeh,Selangor FC,M,Low - Fallback
Ibrahim Sadeh,Al-Karma,Jordan,997817,Ibrahim Sadeh,Al Karma SC,M,Low - Fallback
Mohammad Abu Hashish,Al-Karma,Jordan,986341,Mohammad Abu Hashish,Al-Karma,D,High
Nizar Al-Rashdan,Qatar SC,Jordan,1014324,Nizar Mahmoud Al-Rashdan,Qatar SC,M,Low - Fallback
Mohannad Abu Taha,Al-Quwa Al-Jawiya,Jordan,1114775,Mohannad Abu Taha,Al-Quwa Al-Jawiya,M,High
Amer Jamous,Al-Zawraa,Jordan,1019495,Amer Jamous,Al-Zawraa,M,High
Mohammad Al-Dawoud,Al-Wehdat,Jordan,1654582,Mohammed Dawoud M Dawoud,Al Shamal,F,Low - Fallback
Yousef Qashi,Al-Hussein,Jordan,1403019,Yousef Qashi,Al-Hussein Irbid,M,High
Mohammad Taha,Al-Hussein,Jordan,2048339,Mohammad Taha,Al-Hussein Irbid,D,High
Musa Al-Taamari,Rennes,Jordan,1923472,Musab Hamed Mohammed Al Mor Al Maamari,No team,M,Low - Fallback
Mahmoud Al-Mardi,Al-Hussein,Jordan,812557,Mahmoud Al-Mardi,Al-Hussein Irbid,M,High
Ali Olwan,Al-Sailiya,Jordan,980728,Ali Olwan,Al-Sailiya,F,High
Mohammad Abu Zrayq,Raja Casablanca,Jordan,986341,Mohammad Abu Zrayq,Raja Club Athletic,M,Low - Fallback
Ibrahim Sabra,Lokomotiva Zagreb,Jordan,1522038,Ibrahim Sabra,NK Lokomotiva Zagreb,F,High
Odeh Al-Fakhouri,Pyramids,Jordan,2048990,Odeh Shehadeh Burhan Fakhoury,Al-Hussein Irbid,F,Low - Fallback
Ali Azaizeh,Al-Shabab,Jordan,1652199,Ali  Al Azaizeh,No team,F,Low - Fallback
David Ospina,Atlético Nacional,Colombia,33596,David Ospina,Atlético Nacional,G,High
Camilo Vargas,Atlas,Colombia,125787,Camilo Vargas,Atlas FC,G,High
Álvaro Montero,Vélez Sarsfield,Colombia,926238,Álvaro Montero,Vélez Sarsfield,G,High
Davinson Sánchez,Galatasaray,Colombia,566102,Davinson Sánchez,Galatasaray,D,High
Santiago Arias,Independiente,Colombia,158583,Santiago Arias,CA Independiente,D,High
Yerry Mina,Cagliari,Colombia,360396,Yerry Mina,Cagliari,D,High
Daniel Muñoz,Crystal Palace,Colombia,870360,Daniel Muñoz,Crystal Palace,M,High
Johan Mojica,Mallorca,Colombia,344847,Johan Mojica,Mallorca,D,High
Jhon Lucumí,Bologna,Colombia,818481,Jhon Lucumí,Bologna,D,High
Deiver Machado,Nantes,Colombia,822110,Deiver Machado,Nantes,D,High
Willer Ditta,Cruz Azul,Colombia,931705,Willer Ditta,Cruz Azul,D,High
James Rodríguez,Minnesota United FC,Colombia,107414,James Rodríguez,Minnesota United,M,High
Jefferson Lerma,Crystal Palace,Colombia,355796,Jefferson Lerma,Crystal Palace,M,High
Juan Fernando Quintero,River Plate,Colombia,221162,Juan Fernando Quintero,River Plate,M,High
Jhon Arias,Palmeiras,Colombia,844096,Jhon Arias,Palmeiras,M,High
Richard Ríos,Benfica,Colombia,1015292,Richard Ríos,Benfica,M,High
Kevin Castaño,River Plate,Colombia,1066915,Kevin Castaño,River Plate,M,High
Jorge Carrascal,Flamengo,Colombia,590392,Jorge Carrascal,Flamengo,M,High
Jaminton Campaz,Rosario Central,Colombia,877299,Jaminton Campaz,Rosario Central,M,High
Juan Portilla,Athletico Paranaense,Colombia,980580,Juan Portilla,Athletico,M,High
Gustavo Puerta,Racing Santander,Colombia,1174889,Gustavo Puerta,Real Racing Club,M,Low - Fallback
Luis Díaz,Bayern Munich,Colombia,883537,Luis Díaz,FC Bayern München,M,Low - Fallback
Jhon Córdoba,Krasnodar,Colombia,281253,Jhon Córdoba,FC Krasnodar,F,High
Luis Suárez,Sporting CP,Colombia,16943,Luis Suárez,Inter Miami CF,F,Low - Fallback
Cucho Hernández,Real Betis,Colombia,887055,Cucho Hernández,Real Betis,F,High
Andrés Gómez,Vasco da Gama,Colombia,1160386,Andrés Gómez,Vasco da Gama,M,High
Lionel Mpasi,Le Havre,DR Congo,599192,Lionel Mpasi Nzau,Le Havre,G,Fuzzy
Timothy Fayulu,Noah,DR Congo,927616,Timothy Fayulu,FC Noah,G,High
Matthieu Epolo,Standard Liège,DR Congo,1121943,Matthieu Epolo,Standard Liège,G,High
Chancel Mbemba,Lille,DR Congo,238612,Chancel Mbemba,Lille,D,High
Arthur Masuaku,Lens,DR Congo,174975,Arthur Masuaku,RC Lens,D,High
Gédéon Kalulu,Aris Limassol,DR Congo,991200,Gedeon Kalulu,Aris Limassol,D,Low - Fallback
Joris Kayembe,Genk,DR Congo,354046,Joris Kayembe,KRC Genk,D,High
Dylan Batubinsika,AEL,DR Congo,352912,Dylan Batubinsika,AEL Novibet,D,High
Axel Tuanzebe,Burnley,DR Congo,817979,Axel Tuanzebe,Burnley,D,High
Aaron Wan-Bissaka,West Ham United,DR Congo,863653,Aaron Wan-Bissaka,West Ham United,D,High
Steve Kapuadi,Widzew Łódź,DR Congo,1019957,Steve Kapuadi,Widzew Łódź,D,High
Samuel Moutoussamy,Atromitos,DR Congo,892624,Samuel Moutoussamy,APS Atromitos Athinon,M,High
Edo Kayembe,Watford,DR Congo,917305,Edo Kayembe,Watford,M,High
Charles Pickel,Espanyol,DR Congo,758664,Charles Pickel,Espanyol,M,High
Gaël Kakuta,AEL,DR Congo,46387,Gaël Kakuta,AEL Novibet,M,High
Noah Sadiki,Sunderland,DR Congo,1171539,Noah Sadiki,Sunderland,M,High
Aaron Tshibola,Kilmarnock,DR Congo,353602,Aaron Tshibola,Kilmarnock,M,High
Ngal'ayel Mukau,Lille,DR Congo,1391541,Ngal'ayel Mukau,Lille,M,High
Brian Cipenga,Castellón,DR Congo,1160969,Brian Cipenga,CD Castellón,F,High
Cédric Bakambu,Real Betis,DR Congo,115665,Cédric Bakambu,Real Betis,F,High
Meschak Elia,Alanyaspor,DR Congo,862078,Meschak Elia,Alanyaspor,F,High
Théo Bongonda,Spartak Moscow,DR Congo,344953,Théo Bongonda,FC Spartak Moscow,M,High
Fiston Mayele,Pyramids,DR Congo,1007556,Fiston Mayele,Pyramids FC,F,High
Yoane Wissa,Newcastle United,DR Congo,805123,Yoane Wissa,Newcastle United,F,High
Nathanaël Mbuku,Montpellier,DR Congo,963399,Nathanaël Mbuku,Montpellier,M,High
Simon Banza,Al Jazira,DR Congo,825945,Simon Banza,Al-Jazira,F,Low - Fallback
Diogo Costa,Porto,Portugal,843115,Diogo Costa,FC Porto,G,High
José Sá,Wolverhampton Wanderers,Portugal,252669,José Sá,Wolverhampton,G,High
Rui Silva,Sporting CP,Portugal,253809,Rui Silva,Sporting CP,G,High
Rúben Dias,Manchester City,Portugal,318941,Rúben Dias,Manchester City,D,High
João Cancelo,Barcelona,Portugal,138892,João Cancelo,FC Barcelona,D,High
Nélson Semedo,Fenerbahçe,Portugal,252821,Nélson Semedo,Fenerbahçe,D,High
Nuno Mendes,Paris Saint-Germain,Portugal,989768,Nuno Mendes,Paris Saint-Germain,D,High
Diogo Dalot,Manchester United,Portugal,843200,Diogo Dalot,Manchester United,D,High
Gonçalo Inácio,Sporting CP,Portugal,1001196,Gonçalo Inácio,Sporting CP,D,High
Matheus Nunes,Manchester City,Portugal,945122,Matheus Nunes,Manchester City,D,High
Renato Veiga,Villarreal,Portugal,1087359,Renato Veiga,Villarreal,D,High
Tomás Araújo,Benfica,Portugal,983542,Tomás Araújo,Benfica,D,High
Bernardo Silva,Manchester City,Portugal,331209,Bernardo Silva,Manchester City,M,High
Bruno Fernandes,Manchester United,Portugal,288205,Bruno Fernandes,Manchester United,M,High
Rúben Neves,Al-Hilal,Portugal,280955,Rúben Neves,Al-Hilal,M,High
Vitinha,Paris Saint-Germain,Portugal,902029,Vitinha,Paris Saint-Germain,M,High
João Neves,Paris Saint-Germain,Portugal,1190933,João Neves,Paris Saint-Germain,M,High
Samú Costa,Mallorca,Portugal,988351,Samú Costa,Mallorca,M,High
Cristiano Ronaldo,Al-Nassr,Portugal,750,Cristiano Ronaldo,Al-Nassr,F,High
João Félix,Al-Nassr,Portugal,851671,João Félix,Al-Nassr,F,High
Rafael Leão,Milan,Portugal,851284,Rafael Leão,AC Milan,F,High
Gonçalo Guedes,Real Sociedad,Portugal,280979,Gonçalo Guedes,Real Sociedad,M,High
Gonçalo Ramos,Paris Saint-Germain,Portugal,934510,Gonçalo Ramos,Paris Saint-Germain,F,High
Pedro Neto,Chelsea,Portugal,879349,Pedro Neto,Chelsea,M,High
Francisco Trincão,Sporting CP,Portugal,830431,Francisco Trincão,Sporting CP,M,High
Francisco Conceição,Juventus,Portugal,979222,Francisco Conceição,Juventus,F,High
Utkir Yusupov,Navbahor,Uzbekistan,791592,Utkir Yusupov,Navbahor Namangan,G,High
Abduvohid Nematov,Nasaf,Uzbekistan,1000465,Abduvokhid Nematov,Nasaf Qarshi,G,Low - Fallback
Botirali Ergashev,Neftchi,Uzbekistan,796361,Botirali Ergashev,Neftchi Fergana,G,High
Rustam Ashurmatov,Esteghlal,Uzbekistan,358822,Rustam Ashurmatov,Esteghlal FC,D,High
Farrukh Sayfiev,Neftchi,Uzbekistan,792386,Farrukh Sayfiev,Neftchi Fergana,D,High
Khojiakbar Alijonov,Pakhtakor,Uzbekistan,888187,Khojiakbar Alijonov,Pakhtakor,D,High
Sherzod Nasrullaev,Nasaf,Uzbekistan,1014276,Sherzod Nasrullaev,Pakhtakor Tashkent,D,Low - Fallback
Umar Eshmurodov,Nasaf,Uzbekistan,893000,Umarbek Eshmuradov,Nasaf Qarshi,D,Low - Fallback
Abdukodir Khusanov,Manchester City,Uzbekistan,1194333,Abdukodir Khusanov,Manchester City,D,High
Abdulla Abdullaev,Dibba,Uzbekistan,954524,Abdulla Abdullaev,Dibba Al-Fujairah,D,High
Bekhruz Karimov,Surkhon,Uzbekistan,1597255,Bekhruz Karimov,Surkhon Termez,D,High
Jakhongir Urozov,Dinamo Samarqand,Uzbekistan,1403414,Jakhongir Urozov,Dinamo Samarqand,D,High
Avazbek Ulmasaliev,AGMK,Uzbekistan,978392,Avazbek Ulmasaliyev,FC OKMK,D,Low - Fallback
Otabek Shukurov,Baniyas,Uzbekistan,358890,Otabek Shukurov,Baniyas,M,High
Odiljon Hamrobekov,Tractor,Uzbekistan,823992,Odiljon Hamrobekov,Tractor,M,High
Jamshid Iskanderov,Neftchi,Uzbekistan,785512,Jamshid Iskandarov,Neftchi Fergana,M,Low - Fallback
Akmal Mozgovoy,Pakhtakor,Uzbekistan,926479,Akmal Mozgovoy,Pakhtakor Tashkent,M,High
Azizjon Ganiev,Al Bataeh,Uzbekistan,793857,Azizjon Ganiev,Al Bataeh,M,High
Jasurbek Jaloliddinov,Sogdiana,Uzbekistan,1016148,Jasurbek Jaloliddinov,FC Sogdiana Jizzakh,M,High
Umarali Rakhmonaliev,Sabah,Uzbekistan,1134291,Umarali Rakhmonaliev,Sabah FK,M,High
Sherzod Esanov,Buxoro,Uzbekistan,1403410,Sherzod Esanov,FC Buxoro,M,High
Eldor Shomurodov,İstanbul Başakşehir,Uzbekistan,791355,Eldor Shomurodov,Başakşehir FK,F,Low - Fallback
Igor Sergeev,Persepolis,Uzbekistan,333625,Igor Sergeev,Persepolis FC,F,High
Jaloliddin Masharipov,Esteghlal,Uzbekistan,333611,Jaloliddin Masharipov,Esteghlal FC,M,High
Oston Urunov,Persepolis,Uzbekistan,985882,Oston Urunov,Persepolis FC,M,High
Dostonbek Khamdamov,Pakhtakor,Uzbekistan,358880,Dostonbek Khamdamov,Pakhtakor Tashkent,M,High
Abbosbek Fayzullaev,İstanbul Başakşehir,Uzbekistan,1118429,Abbosbek Fayzullaev,Başakşehir FK,M,Low - Fallback
Azizbek Amonov,Buxoro,Uzbekistan,1615318,Azizbek Amonov,Nasaf Qarshi,,Low - Fallback
Ruslanbek Jiyanov,Navbahor,Uzbekistan,1165681,Ruslanbek Jiyanov,Navbahor Namangan,M,High
Sherzod Temirov,Erbil,Uzbekistan,1034634,Sherzod Temirov,Erbil SC,F,High
Dominik Livaković,Dinamo Zagreb,Croatia,190419,Dominik Livaković,GNK Dinamo Zagreb,G,High
Dominik Kotarski,Copenhagen,Croatia,835678,Dominik Kotarski,FC København,G,Low - Fallback
Ivor Pandur,Hull City,Croatia,943212,Ivor Pandur,Hull City,G,High
Joško Gvardiol,Manchester City,Croatia,964994,Joško Gvardiol,Manchester City,D,High
Duje Ćaleta-Car,Real Sociedad,Croatia,257091,Duje Ćaleta-Car,Real Sociedad,D,High
Josip Šutalo,Ajax,Croatia,954836,Josip Šutalo,AFC Ajax,D,High
Josip Stanišić,Bayern Munich,Croatia,927407,Josip Stanišić,FC Bayern München,D,Low - Fallback
Marin Pongračić,Fiorentina,Croatia,847467,Marin Pongračić,Fiorentina,D,High
Martin Erlić,Midtjylland,Croatia,789234,Martin Erlić,FC Midtjylland,D,High
Luka Vušković,Hamburger SV,Croatia,1405212,Luka Vušković,Hamburger SV,D,High
Luka Modrić,Milan,Croatia,15466,Luka Modrić,AC Milan,M,High
Mateo Kovačić,Manchester City,Croatia,136710,Mateo Kovačić,Manchester City,M,High
Mario Pašalić,Atalanta,Croatia,190437,Mario Pašalić,Atalanta,M,High
Nikola Vlašić,Torino,Croatia,357596,Nikola Vlašić,Torino,M,High
Luka Sučić,Real Sociedad,Croatia,949156,Luka Sučić,Real Sociedad,M,High
Martin Baturina,Como,Croatia,1090019,Martin Baturina,Como,M,High
Kristijan Jakić,FC Augsburg,Croatia,796206,Kristijan Jakić,FC Augsburg,M,High
Petar Sučić,Inter Milan,Croatia,1091303,Petar Sučić,Inter,M,High
Nikola Moro,Bologna,Croatia,814882,Nikola Moro,Bologna,M,High
Toni Fruk,Rijeka,Croatia,916183,Toni Fruk,HNK Rijeka,M,High
Ivan Perišić,PSV Eindhoven,Croatia,38710,Ivan Perišić,PSV Eindhoven,M,High
Andrej Kramarić,TSG Hoffenheim,Croatia,67647,Andrej Kramarić,TSG Hoffenheim,F,High
Ante Budimir,Osasuna,Croatia,37318,Ante Budimir,Osasuna,F,High
Marco Pašalić,Orlando City,Croatia,1066802,Marco Pašalić,Orlando City SC,M,High
Petar Musa,FC Dallas,Croatia,827668,Petar Musa,FC Dallas,F,High
Igor Matanović,SC Freiburg,Croatia,1019321,Igor Matanović,SC Freiburg,F,High
Jordan Pickford,Everton,England,138530,Jordan Pickford,Everton,G,High
Dean Henderson,Crystal Palace,England,788134,Dean Henderson,Crystal Palace,G,High
James Trafford,Manchester City,England,980643,James Trafford,Manchester City,G,High
John Stones,Manchester City,England,152077,John Stones,Manchester City,D,High
Marc Guéhi,Manchester City,England,877994,Marc Guéhi,Manchester City,D,High
Reece James,Chelsea,England,885908,Reece James,Chelsea,D,High
Ezri Konsa,Aston Villa,England,827679,Ezri Konsa,Aston Villa,D,High
Dan Burn,Newcastle United,England,99090,Dan Burn,Newcastle United,D,High
Tino Livramento,Newcastle United,England,980634,Tino Livramento,Newcastle United,D,High
Djed Spence,Tottenham Hotspur,England,945798,Djed Spence,Tottenham Hotspur,D,High
Nico O'Reilly,Manchester City,England,1142703,Nico O'Reilly,Manchester City,D,High
Jarell Quansah,Bayer Leverkusen,England,1003339,Jarell Quansah,Bayer 04 Leverkusen,D,Low - Fallback
Jordan Henderson,Brentford,England,42694,Jordan Henderson,Brentford,M,High
Declan Rice,Arsenal,England,856714,Declan Rice,Arsenal,M,High
Jude Bellingham,Real Madrid,England,991011,Jude Bellingham,Real Madrid,M,High
Morgan Rogers,Aston Villa,England,948261,Morgan Rogers,Aston Villa,M,High
Kobbie Mainoo,Manchester United,England,1142175,Kobbie Mainoo,Manchester United,M,High
Elliot Anderson,Nottingham Forest,England,994546,Elliot Anderson,Nottingham Forest,M,High
Harry Kane,Bayern Munich,England,108579,Harry Kane,FC Bayern München,F,Low - Fallback
Marcus Rashford,Barcelona,England,814590,Marcus Rashford,FC Barcelona,F,High
Bukayo Saka,Arsenal,England,934235,Bukayo Saka,Arsenal,F,High
Ollie Watkins,Aston Villa,England,555386,Ollie Watkins,Aston Villa,F,High
Anthony Gordon,Newcastle United,England,914902,Anthony Gordon,Newcastle United,F,High
Eberechi Eze,Arsenal,England,864921,Eberechi Eze,Arsenal,M,High
Noni Madueke,Arsenal,England,966547,Noni Madueke,Arsenal,M,High
Ivan Toney,Al-Ahli,England,290927,Ivan Toney,Al-Ahli,F,High
Lawrence Ati-Zigi,St. Gallen,Ghana,791092,Lawrence Ati Zigi,FC St. Gallen 1879,G,Low - Fallback
Benjamin Asare,Hearts of Oak,Ghana,1457083,Benjamin Asare,Accra Hearts of Oak,G,High
Solomon Agbasi,Hearts of Oak,Ghana,1457212,Solomon Agbesi,Accra Hearts of Oak,G,Low - Fallback
Joseph Anang,St Patrick's Athletic,Ghana,970370,Joseph Anang,St. Patrick's Athletic,G,Low - Fallback
Paul Reverson,Jong Ajax,Ghana,1403089,Paul Reverson,AFC Ajax,G,Low - Fallback
Abdul Rahman Baba,PAOK,Ghana,2409243,Abdul Rahman Bahadori,ESC Geestemünde,M,Low - Fallback
Gideon Mensah,Auxerre,Ghana,844942,Gideon Mensah,Auxerre,D,High
Alexander Djiku,Spartak Moscow,Ghana,289977,Alexander Djiku,FC Spartak Moscow,D,High
Alidu Seidu,Rennes,Ghana,1049515,Alidu Seidu,Stade Rennais,D,Low - Fallback
Jerome Opoku,İstanbul Başakşehir,Ghana,920514,Jerome Opoku,Başakşehir FK,D,Low - Fallback
Jonas Adjetey,VfL Wolfsburg,Ghana,1218056,Jonas Adjei Adjetey,VfL Wolfsburg,D,Low - Fallback
Abdul Mumin,Rayo Vallecano,Ghana,846147,Abdul Mumin,Rayo Vallecano,D,High
Kojo Peprah Oppong,Nice,Ghana,1473092,Kojo Peprah Oppong,Nice,D,High
Marvin Senaya,Auxerre,Ghana,1087805,Marvin Senaya,Auxerre,D,High
Thomas Partey,Villarreal,Ghana,316148,Thomas Partey,Villarreal,M,High
Abdul Fatawu,Leicester City,Ghana,1103589,Abdul Fatawu Issahaku,Leicester City,M,Fuzzy
Kamaldeen Sulemana,Atalanta,Ghana,1019442,Kamaldeen Sulemana,Atalanta,F,High
Elisha Owusu,Auxerre,Ghana,904424,Elisha Owusu,Auxerre,M,High
Caleb Yirenkyi,Nordsjælland,Ghana,1986794,Caleb Yirenkyi,FC Nordsjælland,M,High
Kwasi Sibo,Oviedo,Ghana,905639,Kwasi Sibo,Real Oviedo,M,High
Augustine Boakye,Saint-Étienne,Ghana,1138352,Augustine Boakye,Saint-Étienne,F,High
Jordan Ayew,Leicester City,Ghana,103045,Jordan Ayew,Leicester City,F,High
Antoine Semenyo,Manchester City,Ghana,934354,Antoine Semenyo,Manchester City,M,High
Iñaki Williams,Athletic Bilbao,Ghana,783374,Iñaki Williams,Athletic Club,M,Low - Fallback
Ernest Nuamah,Lyon,Ghana,1202024,Ernest Nuamah,Olympique Lyonnais,F,High
Brandon Thomas-Asante,Coventry City,Ghana,846061,Brandon Thomas-Asante,Coventry City,F,High
Prince Kwabena Adu,Viktoria Plzeň,Ghana,1472288,Prince Kwabena Adu,FC Viktoria Plzeň,F,High
Luis Mejía,Nacional,Panama,144800,Luis Mejía,Nacional,G,High
Orlando Mosquera,Al-Fayha,Panama,886041,Orlando Mosquera,Al-Fayha,G,High
César Samudio,Marathón,Panama,1172599,César Samudio,CD Marathon,G,Low - Fallback
Eric Davis,Plaza Amador,Panama,159935,Éric Davis,CD Plaza Amador,D,Low - Fallback
Fidel Escobar,Saprissa,Panama,796326,Fidel Escobar,Deportivo Saprissa,D,High
Michael Amir Murillo,Beşiktaş,Panama,839493,Michael Amir Murillo,Beşiktaş,D,High
Roderick Miller,Turan Tovuz,Panama,159939,Roderick Miller,Turan Tovuz,D,High
Andrés Andrade,LASK,Panama,841802,Andrés Andrade,LASK,D,High
César Blackman,Slovan Bratislava,Panama,841793,César Blackman,ŠK Slovan Bratislava,D,High
José Córdoba,Norwich City,Panama,1105688,José Córdoba,Norwich City,D,High
Jiovany Ramos,Puerto Cabello,Panama,1006509,Jiovany Ramos,Academia Puerto Cabello,D,High
Jorge Gutiérrez,Deportivo La Guaira,Panama,928021,Jorge Gutiérrez,Deportivo La Guaira,D,High
Edgardo Fariña,Pari Nizhny Novgorod,Panama,1217937,Edgardo Fariña,Pari Nizhny Novgorod,D,High
Aníbal Godoy,San Diego FC,Panama,156102,Aníbal Godoy,San Diego FC,M,High
Alberto Quintero,Plaza Amador,Panama,83951,Alberto Quintero,CD Plaza Amador,M,High
Yoel Bárcenas,Mazatlán,Panama,833352,Yoel Bárcenas,Mazatlán FC,M,High
Adalberto Carrasquilla,UNAM,Panama,796330,Adalberto Carrasquilla,Pumas UNAM,M,High
José Luis Rodríguez,Juárez,Panama,842253,José Luis Rodríguez,FC Juárez,M,High
Cristian Martínez,Ironi Kiryat Shmona,Panama,841006,Cristian Martínez,Hapoel Ironi Kiryat Shmona,M,High
César Yanis,Cobresal,Panama,1021117,César Yanis,Cobresal,M,High
Carlos Harvey,Minnesota United FC,Panama,985131,Carlos Harvey,Minnesota United FC 2,M,High
Azarias Londoño,Universidad Católica,Panama,1217929,Azarias Londoño,Universidad Católica del Ecuador,M,High
José Fajardo,Universidad Católica,Panama,936184,José Fajardo,Universidad Católica del Ecuador,F,High
Ismael Díaz,León,Panama,796328,Ismael Díaz,Club León,M,High
Cecilio Waterman,Universidad de Concepción,Panama,159931,Cecilio Waterman,Universidad de Concepción,F,High
Tomás Rodríguez,Saprissa,Panama,985161,Tomás Rodríguez,Deportivo Saprissa,F,High