No.,Pos.,Player,Date of birth (age),Caps,Goals,Club,Team,Is_Captain
,GK,Matěj Kovář,"May 17, 2000 (aged 26)",19.0,0.0,PSV Eindhoven,Czech Republic,0
,GK,Jindřich Staněk,"April 27, 1996 (aged 30)",14.0,0.0,Slavia Prague,Czech Republic,0
,GK,Lukáš Horníček,"July 13, 2002 (aged 23)",0.0,0.0,Braga,Czech Republic,0
,DF,Vladimír Coufal,"August 22, 1992 (aged 33)",61.0,2.0,TSG Hoffenheim,Czech Republic,0
,DF,Tomáš Holeš,"March 31, 1993 (aged 33)",39.0,2.0,Slavia Prague,Czech Republic,0
,DF,Ladislav Krejčí,"April 20, 1999 (aged 27)",25.0,5.0,Wolverhampton Wanderers,Czech Republic,1
,DF,David Zima,"November 8, 2000 (aged 25)",24.0,1.0,Slavia Prague,Czech Republic,0
,DF,Jaroslav Zelený,"August 20, 1992 (aged 33)",21.0,0.0,Sparta Prague,Czech Republic,0
,DF,David Jurásek,"August 7, 2000 (aged 25)",16.0,1.0,Slavia Prague,Czech Republic,0
,DF,David Douděra,"May 31, 1998 (aged 28)",15.0,2.0,Slavia Prague,Czech Republic,0
,DF,Robin Hranáč,"January 29, 2000 (aged 26)",12.0,1.0,TSG Hoffenheim,Czech Republic,0
,DF,Štěpán Chaloupek,"March 8, 2003 (aged 23)",3.0,0.0,Slavia Prague,Czech Republic,0
,MF,Tomáš Souček,"February 27, 1995 (aged 31)",89.0,17.0,West Ham United,Czech Republic,0
,MF,Vladimír Darida,"August 8, 1990 (aged 35)",78.0,8.0,Hradec Králové,Czech Republic,0
,MF,Lukáš Provod,"October 23, 1996 (aged 29)",37.0,3.0,Slavia Prague,Czech Republic,0
,MF,Michal Sadílek,"May 31, 1999 (aged 27)",33.0,1.0,Slavia Prague,Czech Republic,0
,MF,Pavel Šulc,"December 29, 2000 (aged 25)",20.0,5.0,Lyon,Czech Republic,0
,MF,Lukáš Červ,"April 10, 2001 (aged 25)",15.0,2.0,Viktoria Plzeň,Czech Republic,0
,MF,Tomáš Ladra,"May 24, 1997 (aged 29)",1.0,0.0,Viktoria Plzeň,Czech Republic,0
,MF,Pavel Bucha,"March 11, 1998 (aged 28)",0.0,0.0,FC Cincinnati,Czech Republic,0
,MF,Hugo Sochůrek,"June 7, 2008 (aged 18)",0.0,0.0,Sparta Prague,Czech Republic,0
,MF,Alexandr Sojka,"April 2, 2003 (aged 23)",0.0,0.0,Viktoria Plzeň,Czech Republic,0
,MF,Denis Višinský,"March 21, 2003 (aged 23)",0.0,0.0,Viktoria Plzeň,Czech Republic,0
,FW,Patrik Schick,"January 24, 1996 (aged 30)",52.0,25.0,Bayer Leverkusen,Czech Republic,0
,FW,Adam Hložek,"July 25, 2002 (aged 23)",41.0,4.0,TSG Hoffenheim,Czech Republic,0
,FW,Jan Kuchta,"January 8, 1997 (aged 29)",30.0,3.0,Sparta Prague,Czech Republic,0
,FW,Tomáš Chorý,"January 26, 1995 (aged 31)",21.0,6.0,Slavia Prague,Czech Republic,0
,FW,Mojmír Chytil,"April 29, 1999 (aged 27)",21.0,6.0,Slavia Prague,Czech Republic,0
,FW,Christophe Kabongo,"August 27, 2003 (aged 22)",0.0,0.0,Mladá Boleslav,Czech Republic,0
,GK,Guillermo Ochoa,"July 13, 1985 (aged 40)",152.0,0.0,AEL Limassol,Mexico,0
,GK,Raúl Rangel,"February 25, 2000 (aged 26)",13.0,0.0,Guadalajara,Mexico,0
,GK,Carlos Acevedo,"April 19, 1996 (aged 30)",7.0,0.0,Santos Laguna,Mexico,0
,GK,José Antonio Rodríguez,"July 4, 1992 (aged 33)",2.0,0.0,Tijuana,Mexico,0
,GK,Carlos Moreno,"January 29, 1998 (aged 28)",0.0,0.0,Pachuca,Mexico,0
,GK,Alex Padilla,"September 1, 2003 (aged 22)",0.0,0.0,Athletic Bilbao,Mexico,0
,DF,Jesús Gallardo,"August 15, 1994 (aged 31)",120.0,3.0,Toluca,Mexico,0
,DF,César Montes,"February 24, 1997 (aged 29)",66.0,4.0,Lokomotiv Moscow,Mexico,0
,DF,Jorge Sánchez,"December 10, 1997 (aged 28)",58.0,3.0,PAOK,Mexico,0
,DF,Johan Vásquez,"October 22, 1998 (aged 27)",45.0,2.0,Genoa,Mexico,0
,DF,Israel Reyes,"May 23, 2000 (aged 26)",33.0,2.0,América,Mexico,0
,DF,Jesús Alberto Angulo,"January 30, 1998 (aged 28)",19.0,0.0,UANL,Mexico,0
,DF,Julián Araujo,"August 13, 2001 (aged 24)",16.0,0.0,Celtic,Mexico,0
,DF,Mateo Chávez,"May 11, 2004 (aged 22)",9.0,0.0,AZ,Mexico,0
,DF,Víctor Guzmán,"March 7, 2002 (aged 24)",6.0,0.0,Monterrey,Mexico,0
,DF,Richard Ledezma,"September 6, 2000 (aged 25)",3.0,1.0,Guadalajara,Mexico,0
,DF,Alejandro Gómez,"January 31, 2002 (aged 24)",3.0,0.0,Tijuana,Mexico,0
,DF,Everardo López,"March 23, 2005 (aged 21)",3.0,0.0,Toluca,Mexico,0
,DF,Bryan González,"April 10, 2003 (aged 23)",2.0,0.0,Guadalajara,Mexico,0
,DF,Ramón Juárez,"May 3, 2001 (aged 25)",2.0,0.0,América,Mexico,0
,MF,Edson Álvarez,"October 24, 1997 (aged 28)",97.0,7.0,Fenerbahçe,Mexico,1
,MF,Orbelín Pineda,"March 24, 1996 (aged 30)",91.0,12.0,AEK Athens,Mexico,0
,MF,Carlos Rodríguez,"January 3, 1997 (aged 29)",67.0,0.0,Cruz Azul,Mexico,0
,MF,Roberto Alvarado,"September 7, 1998 (aged 27)",66.0,5.0,Guadalajara,Mexico,0
,MF,Luis Romo,"June 5, 1995 (aged 31)",62.0,4.0,Guadalajara,Mexico,0
,MF,Luis Chávez,"January 15, 1996 (aged 30)",44.0,4.0,Dynamo Moscow,Mexico,0
,MF,Érick Sánchez,"September 27, 1999 (aged 26)",38.0,3.0,América,Mexico,0
,MF,Diego Lainez,"June 9, 2000 (aged 26)",33.0,3.0,UANL,Mexico,0
,MF,Érik Lira,"May 8, 2000 (aged 26)",24.0,0.0,Cruz Azul,Mexico,0
,MF,Marcel Ruiz,"October 26, 2000 (aged 25)",17.0,0.0,Toluca,Mexico,0
,MF,Efraín Álvarez,"June 19, 2002 (aged 23)",7.0,1.0,Guadalajara,Mexico,0
,MF,Gilberto Mora,"October 14, 2008 (aged 17)",7.0,0.0,Tijuana,Mexico,0
,MF,Brian Gutiérrez,"June 17, 2003 (aged 22)",6.0,2.0,Guadalajara,Mexico,0
,MF,Obed Vargas,"August 5, 2005 (aged 20)",6.0,0.0,Atlético Madrid,Mexico,0
,MF,Alexis Gutiérrez,"February 26, 2001 (aged 25)",5.0,0.0,América,Mexico,0
,MF,Jesús Ricardo Angulo,"February 20, 1997 (aged 29)",3.0,1.0,Toluca,Mexico,0
,MF,Kevin Castañeda,"October 28, 1999 (aged 26)",3.0,0.0,Tijuana,Mexico,0
,MF,Álvaro Fidalgo,"April 9, 1997 (aged 29)",3.0,0.0,Real Betis,Mexico,0
,MF,Jordán Carrillo,"November 30, 2001 (aged 24)",2.0,0.0,UNAM,Mexico,0
,MF,Jorge Ruvalcaba,"July 23, 2001 (aged 24)",1.0,0.0,New York Red Bulls,Mexico,0
,MF,Alexéi Domínguez,"January 3, 2005 (aged 21)",0.0,0.0,Pachuca,Mexico,0
,MF,Jeremy Márquez,"June 21, 2000 (aged 25)",0.0,0.0,Cruz Azul,Mexico,0
,MF,Elías Montiel,"October 7, 2005 (aged 20)",0.0,0.0,Pachuca,Mexico,0
,FW,Raúl Jiménez,"May 5, 1991 (aged 35)",123.0,44.0,Fulham,Mexico,0
,FW,Alexis Vega,"November 25, 1997 (aged 28)",51.0,7.0,Toluca,Mexico,0
,FW,Santiago Giménez,"April 18, 2001 (aged 25)",47.0,6.0,Milan,Mexico,0
,FW,César Huerta,"December 3, 2000 (aged 25)",26.0,3.0,Anderlecht,Mexico,0
,FW,Julián Quiñones,"March 24, 1997 (aged 29)",21.0,2.0,Al-Qadsiah,Mexico,0
,FW,Guillermo Martínez,"March 15, 1995 (aged 31)",11.0,3.0,UNAM,Mexico,0
,FW,Germán Berterame,"November 13, 1998 (aged 27)",9.0,2.0,Inter Miami CF,Mexico,0
,FW,Armando González,"April 20, 2003 (aged 23)",7.0,1.0,Guadalajara,Mexico,0
,GK,Ronwen Williams,"January 21, 1992 (aged 34)",62.0,0.0,Mamelodi Sundowns,South Africa,1
,GK,Ricardo Goss,"April 2, 1994 (aged 32)",4.0,0.0,Siwelele,South Africa,0
,GK,Sipho Chaine,"December 14, 1996 (aged 29)",3.0,0.0,Orlando Pirates,South Africa,0
,DF,Aubrey Modiba,"July 22, 1995 (aged 30)",44.0,3.0,Mamelodi Sundowns,South Africa,0
,DF,Khuliso Mudau,"April 26, 1995 (aged 31)",32.0,1.0,Mamelodi Sundowns,South Africa,0
,DF,Nkosinathi Sibisi,"September 22, 1995 (aged 30)",19.0,0.0,Orlando Pirates,South Africa,0
,DF,Mbekezeli Mbokazi,"September 19, 2005 (aged 20)",10.0,1.0,Chicago Fire FC,South Africa,0
,DF,Ime Okon,"February 20, 2004 (aged 22)",7.0,1.0,Hannover 96,South Africa,0
,DF,Samukele Kabini,"March 15, 2004 (aged 22)",5.0,0.0,Molde,South Africa,0
,DF,Khulumani Ndamane,"February 5, 2004 (aged 22)",5.0,0.0,Mamelodi Sundowns,South Africa,0
,DF,Thabang Matuludi,"January 14, 1999 (aged 27)",2.0,0.0,Polokwane City,South Africa,0
,DF,Kamogelo Sebelebele,"July 21, 2002 (aged 23)",2.0,0.0,Orlando Pirates,South Africa,0
,DF,Bradley Cross,"January 30, 2001 (aged 25)",0.0,0.0,Kaizer Chiefs,South Africa,0
,DF,Olwethu Makhanya,"April 30, 2004 (aged 22)",0.0,0.0,Philadelphia Union,South Africa,0
,MF,Teboho Mokoena,"January 24, 1997 (aged 29)",51.0,9.0,Mamelodi Sundowns,South Africa,0
,MF,Sphephelo Sithole,"March 3, 1999 (aged 27)",27.0,1.0,Tondela,South Africa,0
,MF,Thalente Mbatha,"March 6, 2000 (aged 26)",14.0,3.0,Orlando Pirates,South Africa,0
,MF,Jayden Adams,"May 5, 2001 (aged 25)",4.0,0.0,Mamelodi Sundowns,South Africa,0
,FW,Themba Zwane,"August 3, 1989 (aged 36)",53.0,12.0,Mamelodi Sundowns,South Africa,0
,FW,Lyle Foster,"May 9, 2000 (aged 26)",26.0,10.0,Burnley,South Africa,0
,FW,Evidence Makgopa,"June 5, 2000 (aged 26)",26.0,6.0,Orlando Pirates,South Africa,0
,FW,Oswin Appollis,"August 25, 2001 (aged 24)",25.0,8.0,Orlando Pirates,South Africa,0
,FW,Iqraam Rayners,"December 19, 1995 (aged 30)",13.0,4.0,Mamelodi Sundowns,South Africa,0
,FW,Relebohile Mofokeng,"October 23, 2004 (aged 21)",12.0,0.0,Orlando Pirates,South Africa,0
,FW,Thapelo Maseko,"November 11, 2003 (aged 22)",9.0,1.0,AEL Limassol,South Africa,0
,FW,Tshepang Moremi,"October 2, 2000 (aged 25)",9.0,1.0,Orlando Pirates,South Africa,0
,GK,Kim Seung-gyu,"September 30, 1990 (aged 35)",85.0,0.0,FC Tokyo,South Korea,0
,GK,Jo Hyeon-woo,"September 25, 1991 (aged 34)",48.0,0.0,Ulsan HD,South Korea,0
,GK,Song Bum-keun,"October 15, 1997 (aged 28)",2.0,0.0,Jeonbuk Hyundai Motors,South Korea,0
,DF,Kim Min-jae,"November 15, 1996 (aged 29)",78.0,4.0,Bayern Munich,South Korea,0
,DF,Kim Moon-hwan,"August 1, 1995 (aged 30)",35.0,0.0,Daejeon Hana Citizen,South Korea,0
,DF,Seol Young-woo,"December 5, 1998 (aged 27)",32.0,0.0,Red Star Belgrade,South Korea,0
,DF,Cho Yu-min,"November 17, 1996 (aged 29)",18.0,0.0,Sharjah,South Korea,0
,DF,Lee Tae-seok,"July 28, 2002 (aged 23)",14.0,1.0,Austria Wien,South Korea,0
,DF,Park Jin-seob,"October 23, 1995 (aged 30)",12.0,1.0,Zhejiang FC,South Korea,0
,DF,Kim Tae-hyeon,"September 17, 2000 (aged 25)",7.0,0.0,Kashima Antlers,South Korea,0
,DF,Lee Han-beom,"June 17, 2002 (aged 23)",7.0,0.0,Midtjylland,South Korea,0
,DF,Jens Castrop,"July 29, 2003 (aged 22)",6.0,0.0,Borussia Mönchengladbach,South Korea,0
,DF,Lee Ki-hyuk,"July 7, 300 (aged 1725)",2.0,0.0,Gangwon FC,South Korea,0
,MF,Lee Jae-sung,"August 10, 1992 (aged 33)",103.0,15.0,Mainz 05,South Korea,0
,MF,Hwang Hee-chan,"January 26, 1996 (aged 30)",77.0,16.0,Wolverhampton Wanderers,South Korea,0
,MF,Hwang In-beom,"September 20, 1996 (aged 29)",71.0,6.0,Feyenoord,South Korea,0
,MF,Lee Kang-in,"February 19, 2001 (aged 25)",46.0,11.0,Paris Saint-Germain,South Korea,0
,MF,Paik Seung-ho,"March 17, 1997 (aged 29)",26.0,3.0,Birmingham City,South Korea,0
,MF,Kim Jin-gyu,"February 24, 1997 (aged 29)",22.0,3.0,Jeonbuk Hyundai Motors,South Korea,0
,MF,Lee Dong-gyeong,"September 20, 1997 (aged 28)",16.0,3.0,Ulsan HD,South Korea,0
,MF,Bae Jun-ho,"August 21, 2003 (aged 22)",14.0,2.0,Stoke City,South Korea,0
,MF,Eom Ji-sung,"May 9, 2002 (aged 24)",9.0,2.0,Swansea City,South Korea,0
,MF,Yang Hyun-jun,"May 25, 2002 (aged 24)",8.0,0.0,Celtic,South Korea,0
,FW,Son Heung-min,"July 8, 1992 (aged 33)",143.0,54.0,Los Angeles FC,South Korea,1
,FW,Cho Gue-sung,"January 25, 1998 (aged 28)",43.0,12.0,Midtjylland,South Korea,0
,FW,Oh Hyeon-gyu,"April 12, 2001 (aged 25)",26.0,6.0,Beşiktaş,South Korea,0
,GK,Nikola Vasilj,"December 2, 1995 (aged 30)",25.0,0.0,FC St. Pauli,Bosnia and Herzegovina,0
,GK,Martin Zlomislić,"August 16, 1998 (aged 27)",3.0,0.0,Rijeka,Bosnia and Herzegovina,0
,GK,Osman Hadžikić,"March 12, 1996 (aged 30)",0.0,0.0,Slaven Belupo,Bosnia and Herzegovina,0
,DF,Sead Kolašinac,"June 20, 1993 (aged 32)",64.0,0.0,Atalanta,Bosnia and Herzegovina,0
,DF,Dennis Hadžikadunić,"July 9, 1998 (aged 27)",31.0,0.0,Sampdoria,Bosnia and Herzegovina,0
,DF,Amar Dedić,"August 18, 2002 (aged 23)",27.0,1.0,Benfica,Bosnia and Herzegovina,0
,DF,Nikola Katić,"October 10, 1996 (aged 29)",16.0,1.0,Schalke 04,Bosnia and Herzegovina,0
,DF,Tarik Muharemović,"February 28, 2003 (aged 23)",13.0,1.0,Sassuolo,Bosnia and Herzegovina,0
,DF,Nihad Mujakić,"April 15, 1998 (aged 28)",11.0,1.0,Gaziantep,Bosnia and Herzegovina,0
,DF,Stjepan Radeljić,"September 5, 1997 (aged 28)",5.0,0.0,Rijeka,Bosnia and Herzegovina,0
,DF,Nidal Čelik,"July 17, 2006 (aged 19)",1.0,0.0,Lens,Bosnia and Herzegovina,0
,MF,Amir Hadžiahmetović,"March 8, 1997 (aged 29)",35.0,0.0,Hull City,Bosnia and Herzegovina,0
,MF,Benjamin Tahirović,"March 3, 2003 (aged 23)",27.0,2.0,Brøndby,Bosnia and Herzegovina,0
,MF,Armin Gigović,"April 6, 2002 (aged 24)",19.0,1.0,Young Boys,Bosnia and Herzegovina,0
,MF,Dženis Burnić,"May 22, 1998 (aged 28)",19.0,0.0,Karlsruher SC,Bosnia and Herzegovina,0
,MF,Ivan Bašić,"April 30, 2002 (aged 24)",16.0,0.0,Astana,Bosnia and Herzegovina,0
,MF,Esmir Bajraktarević,"March 10, 2005 (aged 21)",15.0,1.0,PSV Eindhoven,Bosnia and Herzegovina,0
,MF,Amar Memić,"January 20, 2001 (aged 25)",12.0,1.0,Viktoria Plzeň,Bosnia and Herzegovina,0
,MF,Ivan Šunjić,"October 9, 1996 (aged 29)",11.0,0.0,Pafos,Bosnia and Herzegovina,0
,MF,Kerim Alajbegović,"September 21, 2007 (aged 18)",9.0,1.0,Red Bull Salzburg,Bosnia and Herzegovina,0
,MF,Ermin Mahmić,"March 14, 2005 (aged 21)",1.0,0.0,Slovan Liberec,Bosnia and Herzegovina,0
,FW,Edin Džeko,"March 17, 1986 (aged 40)",148.0,73.0,Schalke 04,Bosnia and Herzegovina,1
,FW,Ermedin Demirović,"March 25, 1998 (aged 28)",39.0,4.0,VfB Stuttgart,Bosnia and Herzegovina,0
,FW,Samed Baždar,"January 31, 2004 (aged 22)",12.0,1.0,Jagiellonia Białystok,Bosnia and Herzegovina,0
,FW,Haris Tabaković,"June 20, 1994 (aged 31)",10.0,4.0,Borussia Mönchengladbach,Bosnia and Herzegovina,0
,FW,Jovo Lukić,"November 28, 1998 (aged 27)",2.0,0.0,Universitatea Cluj,Bosnia and Herzegovina,0
1.0,GK,Dayne St. Clair,"May 9, 1997 (aged 29)",19.0,0.0,Inter Miami CF,Canada,0
2.0,DF,Alistair Johnston,"October 8, 1998 (aged 27)",56.0,1.0,Celtic,Canada,0
3.0,DF,Luc de Fougerolles,"October 12, 2005 (aged 20)",11.0,0.0,Dender,Canada,0
4.0,DF,Alfie Jones,"October 7, 1997 (aged 28)",1.0,0.0,Middlesbrough,Canada,0
5.0,DF,Joel Waterman,"January 24, 1996 (aged 30)",17.0,0.0,Chicago Fire FC,Canada,0
6.0,MF,Mathieu Choinière,"February 7, 1999 (aged 27)",22.0,0.0,Los Angeles FC,Canada,0
7.0,MF,Stephen Eustáquio,"December 21, 1996 (aged 29)",54.0,4.0,Los Angeles FC,Canada,0
8.0,MF,Ismaël Koné,"June 16, 2002 (aged 23)",38.0,4.0,Sassuolo,Canada,0
9.0,FW,Cyle Larin,"April 17, 1995 (aged 31)",88.0,30.0,Southampton,Canada,0
10.0,FW,Jonathan David,"January 14, 2000 (aged 26)",75.0,39.0,Juventus,Canada,0
11.0,MF,Liam Millar,"September 27, 1999 (aged 26)",39.0,1.0,Hull City,Canada,0
12.0,FW,Tani Oluwaseyi,"May 15, 2000 (aged 26)",22.0,2.0,Villarreal,Canada,0
13.0,DF,Derek Cornelius,"November 25, 1997 (aged 28)",42.0,1.0,Rangers,Canada,0
14.0,MF,Jacob Shaffelburg,"November 26, 1999 (aged 26)",31.0,6.0,Los Angeles FC,Canada,0
15.0,DF,Moïse Bombito,"March 30, 2000 (aged 26)",19.0,0.0,Nice,Canada,0
16.0,GK,Maxime Crépeau,"April 11, 1994 (aged 32)",30.0,0.0,Orlando City SC,Canada,0
17.0,MF,Tajon Buchanan,"February 8, 1999 (aged 27)",58.0,8.0,Villarreal,Canada,0
18.0,GK,Owen Goodman,"November 27, 2003 (aged 22)",0.0,0.0,Barnsley,Canada,0
19.0,DF,Alphonso Davies,"November 2, 2000 (aged 25)",58.0,15.0,Bayern Munich,Canada,1
20.0,MF,Ali Ahmed,"October 10, 2000 (aged 25)",24.0,1.0,Norwich City,Canada,0
21.0,MF,Jonathan Osorio,"June 12, 1992 (aged 33)",89.0,9.0,Toronto FC,Canada,0
22.0,DF,Richie Laryea,"January 7, 1995 (aged 31)",73.0,1.0,Toronto FC,Canada,0
23.0,DF,Niko Sigur,"September 9, 2003 (aged 22)",17.0,2.0,Hajduk Split,Canada,0
24.0,FW,Promise David,"July 3, 2001 (aged 24)",8.0,3.0,Union Saint-Gilloise,Canada,0
25.0,MF,Nathan Saliba,"February 7, 2004 (aged 22)",13.0,2.0,Anderlecht,Canada,0
26.0,MF,Marcelo Flores,"October 1, 2003 (aged 22)",2.0,0.0,UANL,Canada,0
,GK,Meshaal Barsham,"February 14, 1998 (aged 28)",52.0,0.0,Al-Sadd,Qatar,0
,GK,Salah Zakaria,"April 24, 1999 (aged 27)",8.0,0.0,Al-Duhail,Qatar,0
,GK,Mahmud Abunada,"February 5, 2000 (aged 26)",4.0,0.0,Al-Rayyan,Qatar,0
,GK,Shehab Ellethy,"April 18, 2000 (aged 26)",1.0,0.0,Al-Shahaniya,Qatar,0
,DF,Boualem Khoukhi,"July 9, 1990 (aged 35)",115.0,20.0,Al-Sadd,Qatar,0
,DF,Pedro Miguel,"August 6, 1990 (aged 35)",98.0,3.0,Al-Sadd,Qatar,0
,DF,Homam Ahmed,"August 25, 1999 (aged 26)",67.0,3.0,Cultural Leonesa,Qatar,0
,DF,Lucas Mendes,"July 3, 1990 (aged 35)",25.0,1.0,Al-Wakrah,Qatar,0
,DF,Sultan Al-Brake,"April 7, 1996 (aged 30)",16.0,0.0,Al-Duhail,Qatar,0
,DF,Al-Hashmi Al-Hussain,"August 15, 2003 (aged 22)",7.0,0.0,Al-Arabi,Qatar,0
,DF,Ayoub Al-Oui,"March 11, 2005 (aged 21)",5.0,0.0,Al-Gharafa,Qatar,0
,DF,Issa Laye,"December 22, 1997 (aged 28)",3.0,0.0,Al-Arabi,Qatar,0
,DF,Rayyan Al-Ali,"March 26, 2006 (aged 20)",1.0,0.0,Al-Gharafa,Qatar,0
,MF,Abdulaziz Hatem,"October 28, 1990 (aged 35)",117.0,11.0,Al-Rayyan,Qatar,0
,MF,Karim Boudiaf,"September 16, 1990 (aged 35)",117.0,5.0,Al-Duhail,Qatar,0
,MF,Assim Madibo,"October 22, 1996 (aged 29)",50.0,0.0,Al-Wakrah,Qatar,0
,MF,Ahmed Fathy,"January 25, 1993 (aged 33)",47.0,0.0,Al-Arabi,Qatar,0
,MF,Jassem Gaber,"February 20, 2002 (aged 24)",31.0,1.0,Al-Rayyan,Qatar,0
,MF,Mohamed Al-Mannai,"October 30, 2003 (aged 22)",9.0,0.0,Al-Shamal,Qatar,0
,MF,Tahsin Jamshid,"June 16, 2006 (aged 19)",2.0,0.0,Al-Duhail,Qatar,0
,FW,Hassan Al-Haydos,"December 11, 1990 (aged 35)",185.0,41.0,Al-Sadd,Qatar,1
,FW,Akram Afif,"November 18, 1996 (aged 29)",124.0,39.0,Al-Sadd,Qatar,0
,FW,Almoez Ali,"August 19, 1996 (aged 29)",115.0,55.0,Al-Duhail,Qatar,0
,FW,Mohammed Muntari,"December 20, 1993 (aged 32)",67.0,16.0,Al-Gharafa,Qatar,0
,FW,Ahmed Alaaeldin,"January 31, 1993 (aged 33)",67.0,9.0,Al-Rayyan,Qatar,0
,FW,Yusuf Abdurisag,"August 6, 1999 (aged 26)",38.0,3.0,Al-Wakrah,Qatar,0
,FW,Edmilson Junior,"August 19, 1994 (aged 31)",15.0,0.0,Al-Duhail,Qatar,0
,FW,Ahmed Al-Ganehi,"September 22, 2000 (aged 25)",13.0,1.0,Al-Gharafa,Qatar,0
1.0,GK,Gregor Kobel,"December 6, 1997 (aged 28)",20.0,0.0,Borussia Dortmund,Switzerland,0
2.0,DF,Miro Muheim,"March 24, 1998 (aged 28)",8.0,0.0,Hamburger SV,Switzerland,0
3.0,DF,Silvan Widmer,"March 5, 1993 (aged 33)",58.0,5.0,Mainz 05,Switzerland,0
4.0,DF,Nico Elvedi,"September 30, 1996 (aged 29)",65.0,3.0,Borussia Mönchengladbach,Switzerland,0
5.0,DF,Manuel Akanji,"July 19, 1995 (aged 30)",79.0,4.0,Inter Milan,Switzerland,0
6.0,MF,Denis Zakaria,"November 20, 1996 (aged 29)",63.0,3.0,Monaco,Switzerland,0
7.0,FW,Breel Embolo,"February 14, 1997 (aged 29)",85.0,23.0,Rennes,Switzerland,0
8.0,MF,Remo Freuler,"April 15, 1992 (aged 34)",86.0,11.0,Bologna,Switzerland,0
9.0,MF,Johan Manzambi,"October 14, 2005 (aged 20)",10.0,3.0,SC Freiburg,Switzerland,0
10.0,MF,Granit Xhaka,"September 27, 1992 (aged 33)",144.0,16.0,Sunderland,Switzerland,1
11.0,FW,Dan Ndoye,"October 25, 2000 (aged 25)",29.0,6.0,Nottingham Forest,Switzerland,0
12.0,GK,Yvon Mvogo,"June 6, 1994 (aged 32)",12.0,0.0,Lorient,Switzerland,0
13.0,DF,Ricardo Rodriguez,"August 25, 1992 (aged 33)",136.0,9.0,Real Betis,Switzerland,0
14.0,MF,Ardon Jashari,"July 30, 2002 (aged 23)",6.0,0.0,Milan,Switzerland,0
15.0,MF,Djibril Sow,"February 6, 1997 (aged 29)",50.0,0.0,Sevilla,Switzerland,0
16.0,MF,Christian Fassnacht,"November 11, 1993 (aged 32)",21.0,4.0,Young Boys,Switzerland,0
17.0,FW,Rubén Vargas,"August 5, 1998 (aged 27)",60.0,11.0,Sevilla,Switzerland,0
18.0,DF,Eray Cömert,"February 4, 1998 (aged 28)",20.0,0.0,Valencia,Switzerland,0
19.0,FW,Noah Okafor,"May 24, 2000 (aged 26)",24.0,2.0,Leeds United,Switzerland,0
20.0,MF,Michel Aebischer,"January 6, 1997 (aged 29)",38.0,2.0,Pisa,Switzerland,0
21.0,GK,Marvin Keller,"July 3, 2002 (aged 23)",0.0,0.0,Young Boys,Switzerland,0
22.0,MF,Fabian Rieder,"February 16, 2002 (aged 24)",27.0,1.0,FC Augsburg,Switzerland,0
23.0,FW,Zeki Amdouni,"December 4, 2000 (aged 25)",27.0,11.0,Burnley,Switzerland,0
24.0,DF,Aurèle Amenda,"July 31, 2003 (aged 22)",6.0,0.0,Eintracht Frankfurt,Switzerland,0
25.0,DF,Luca Jaquez,"June 2, 2003 (aged 23)",2.0,0.0,VfB Stuttgart,Switzerland,0
26.0,FW,Cedric Itten,"December 27, 1996 (aged 29)",13.0,5.0,Fortuna Düsseldorf,Switzerland,0
1.0,GK,Alisson,"October 2, 1992 (aged 33)",76.0,0.0,Liverpool,Brazil,0
2.0,DF,Wesley,"September 6, 2003 (aged 22)",6.0,0.0,Roma,Brazil,0
3.0,DF,Gabriel Magalhães,"December 19, 1997 (aged 28)",17.0,1.0,Arsenal,Brazil,0
4.0,DF,Marquinhos,"May 14, 1994 (aged 32)",104.0,7.0,Paris Saint-Germain,Brazil,1
5.0,MF,Casemiro,"February 23, 1992 (aged 34)",84.0,8.0,Manchester United,Brazil,0
6.0,DF,Alex Sandro,"January 26, 1991 (aged 35)",43.0,2.0,Flamengo,Brazil,0
7.0,FW,Vinícius Júnior,"July 12, 2000 (aged 25)",47.0,8.0,Real Madrid,Brazil,0
8.0,MF,Bruno Guimarães,"November 16, 1997 (aged 28)",41.0,2.0,Newcastle United,Brazil,0
9.0,FW,Matheus Cunha,"May 27, 1999 (aged 27)",21.0,1.0,Manchester United,Brazil,0
10.0,FW,Neymar,"February 5, 1992 (aged 34)",128.0,79.0,Santos,Brazil,0
11.0,FW,Raphinha,"December 14, 1996 (aged 29)",37.0,11.0,Barcelona,Brazil,0
12.0,GK,Weverton,"December 13, 1987 (aged 38)",10.0,0.0,Grêmio,Brazil,0
13.0,DF,Danilo Luiz,"July 15, 1991 (aged 34)",68.0,1.0,Flamengo,Brazil,0
14.0,DF,Bremer,"March 18, 1997 (aged 29)",6.0,1.0,Juventus,Brazil,0
15.0,DF,Léo Pereira,"January 31, 1996 (aged 30)",2.0,0.0,Flamengo,Brazil,0
16.0,DF,Douglas Santos,"March 22, 1994 (aged 32)",5.0,0.0,Zenit Saint Petersburg,Brazil,0
17.0,MF,Fabinho,"October 23, 1993 (aged 32)",31.0,0.0,Al-Ittihad,Brazil,0
18.0,MF,Danilo Santos,"April 29, 2001 (aged 25)",2.0,1.0,Botafogo,Brazil,0
19.0,FW,Endrick,"July 21, 2006 (aged 19)",15.0,3.0,Lyon,Brazil,0
20.0,MF,Lucas Paquetá,"August 27, 1997 (aged 28)",61.0,12.0,Flamengo,Brazil,0
21.0,FW,Luiz Henrique,"January 2, 2001 (aged 25)",13.0,2.0,Zenit Saint Petersburg,Brazil,0
22.0,FW,Gabriel Martinelli,"June 18, 2001 (aged 24)",22.0,4.0,Arsenal,Brazil,0
23.0,GK,Ederson,"August 17, 1993 (aged 32)",31.0,0.0,Fenerbahçe,Brazil,0
24.0,DF,Roger Ibañez,"November 23, 1998 (aged 27)",5.0,0.0,Al-Ahli,Brazil,0
25.0,FW,Igor Thiago,"June 26, 2001 (aged 24)",2.0,1.0,Brentford,Brazil,0
26.0,FW,Rayan,"August 3, 2006 (aged 19)",1.0,0.0,Bournemouth,Brazil,0
,GK,Johny Placide,"January 29, 1988 (aged 38)",79.0,0.0,Bastia,Haiti,1
,GK,Alexandre Pierre,"February 25, 2001 (aged 25)",14.0,0.0,Sochaux,Haiti,0
,GK,Josué Duverger,"April 27, 2000 (aged 26)",6.0,0.0,Cosmos Koblenz,Haiti,0
,DF,Ricardo Adé,"May 21, 1990 (aged 36)",57.0,2.0,LDU Quito,Haiti,0
,DF,Carlens Arcus,"June 28, 1996 (aged 29)",51.0,1.0,Angers,Haiti,0
,DF,Martin Expérience,"March 9, 1999 (aged 27)",19.0,0.0,Nancy,Haiti,0
,DF,Jean-Kévin Duverne,"July 12, 1997 (aged 28)",15.0,1.0,Gent,Haiti,0
,DF,Duke Lacroix,"October 14, 1993 (aged 32)",14.0,2.0,Colorado Springs Switchbacks,Haiti,0
,DF,Wilguens Paugain,"August 24, 2001 (aged 24)",6.0,0.0,Zulte Waregem,Haiti,0
,DF,Hannes Delcroix,"February 28, 1999 (aged 27)",5.0,0.0,Lugano,Haiti,0
,DF,Keeto Thermoncy,"March 29, 2006 (aged 20)",1.0,0.0,Young Boys,Haiti,0
,MF,Leverton Pierre,"March 9, 1998 (aged 28)",33.0,0.0,Vizela,Haiti,0
,MF,Danley Jean Jacques,"May 20, 2000 (aged 26)",28.0,6.0,Philadelphia Union,Haiti,0
,MF,Carl Sainté,"August 9, 2002 (aged 23)",25.0,0.0,El Paso Locomotive FC,Haiti,0
,MF,Jean-Ricner Bellegarde,"June 27, 1998 (aged 27)",8.0,0.0,Wolverhampton Wanderers,Haiti,0
,MF,Woodensky Pierre,"December 30, 2004 (aged 21)",1.0,0.0,Violette,Haiti,0
,MF,Dominique Simon,"July 29, 2000 (aged 25)",0.0,0.0,Tatran Prešov,Haiti,0
,FW,Duckens Nazon,"April 7, 1994 (aged 32)",76.0,44.0,Esteghlal,Haiti,0
,FW,Frantzdy Pierrot,"March 29, 1995 (aged 31)",49.0,33.0,Çaykur Rizespor,Haiti,0
,FW,Derrick Etienne Jr.,"November 25, 1996 (aged 29)",46.0,8.0,Toronto FC,Haiti,0
,FW,Louicius Deedson,"February 11, 2001 (aged 25)",30.0,10.0,FC Dallas,Haiti,0
,FW,Ruben Providence,"July 7, 2001 (aged 24)",13.0,2.0,Almere City,Haiti,0
,FW,Josué Casimir,"September 24, 2001 (aged 24)",5.0,0.0,Auxerre,Haiti,0
,FW,Yassin Fortuné,"January 30, 1999 (aged 27)",3.0,0.0,Vizela,Haiti,0
,FW,Wilson Isidor,"August 27, 2000 (aged 25)",2.0,1.0,Sunderland,Haiti,0
,FW,Lenny Joseph,"October 12, 2000 (aged 25)",0.0,0.0,Ferencváros,Haiti,0
,GK,Yassine Bounou,"April 5, 1991 (aged 35)",89.0,0.0,Al-Hilal,Morocco,0
,GK,Munir Mohamedi,"May 10, 1989 (aged 37)",51.0,0.0,RS Berkane,Morocco,0
,GK,Ahmed Reda Tagnaouti,"April 5, 1996 (aged 30)",3.0,0.0,AS FAR,Morocco,0
,DF,Achraf Hakimi,"November 4, 1998 (aged 27)",95.0,11.0,Paris Saint-Germain,Morocco,1
,DF,Nayef Aguerd,"March 30, 1996 (aged 30)",64.0,2.0,Marseille,Morocco,0
,DF,Noussair Mazraoui,"November 14, 1997 (aged 28)",43.0,2.0,Manchester United,Morocco,0
,DF,Youssef Belammari,"September 20, 1998 (aged 27)",16.0,0.0,Al Ahly,Morocco,0
,DF,Anass Salah-Eddine,"January 18, 2002 (aged 24)",8.0,0.0,PSV Eindhoven,Morocco,0
,DF,Chadi Riad,"June 17, 2003 (aged 22)",4.0,1.0,Crystal Palace,Morocco,0
,DF,Issa Diop,"January 9, 1997 (aged 29)",2.0,0.0,Fulham,Morocco,0
,DF,Zakaria El Ouahdi,"December 31, 2001 (aged 24)",2.0,0.0,Genk,Morocco,0
,DF,Redouane Halhal,"March 5, 2003 (aged 23)",1.0,0.0,Mechelen,Morocco,0
,MF,Sofyan Amrabat,"August 21, 1996 (aged 29)",73.0,0.0,Real Betis,Morocco,0
,MF,Azzedine Ounahi,"April 19, 2000 (aged 26)",47.0,9.0,Girona,Morocco,0
,MF,Bilal El Khannouss,"May 10, 2004 (aged 22)",35.0,3.0,VfB Stuttgart,Morocco,0
,MF,Ismael Saibari,"January 28, 2001 (aged 25)",28.0,7.0,PSV Eindhoven,Morocco,0
,MF,Neil El Aynaoui,"July 2, 2001 (aged 24)",15.0,2.0,Roma,Morocco,0
,MF,Samir El Mourabet,"August 6, 2006 (aged 19)",2.0,0.0,Strasbourg,Morocco,0
,MF,Ayyoub Bouaddi,"October 2, 2007 (aged 18)",1.0,0.0,Lille,Morocco,0
,FW,Ayoub El Kaabi,"June 25, 1993 (aged 32)",57.0,22.0,Olympiacos,Morocco,0
,FW,Soufiane Rahimi,"June 2, 1996 (aged 30)",35.0,11.0,Al Ain,Morocco,0
,FW,Abde Ezzalzouli,"December 17, 2001 (aged 24)",35.0,2.0,Real Betis,Morocco,0
,FW,Brahim Díaz,"August 3, 1999 (aged 26)",24.0,13.0,Real Madrid,Morocco,0
,FW,Chemsdine Talbi,"May 9, 2005 (aged 21)",5.0,0.0,Sunderland,Morocco,0
,FW,Gessime Yassine,"November 22, 2005 (aged 20)",3.0,0.0,Strasbourg,Morocco,0
,FW,Ayoube Amaimouni,"November 30, 2004 (aged 21)",0.0,0.0,Eintracht Frankfurt,Morocco,0
,GK,Craig Gordon,"December 31, 1982 (aged 43)",84.0,0.0,Heart of Midlothian,Scotland,0
,GK,Angus Gunn,"January 22, 1996 (aged 30)",21.0,0.0,Nottingham Forest,Scotland,0
,GK,Liam Kelly,"January 23, 1996 (aged 30)",3.0,0.0,Rangers,Scotland,0
,DF,Andy Robertson,"March 11, 1994 (aged 32)",93.0,4.0,Liverpool,Scotland,1
,DF,Grant Hanley,"November 20, 1991 (aged 34)",67.0,2.0,Hibernian,Scotland,0
,DF,Kieran Tierney,"June 5, 1997 (aged 29)",55.0,2.0,Celtic,Scotland,0
,DF,Scott McKenna,"November 12, 1996 (aged 29)",50.0,1.0,Dinamo Zagreb,Scotland,0
,DF,Jack Hendry,"May 7, 1995 (aged 31)",37.0,3.0,Al-Ettifaq,Scotland,0
,DF,Nathan Patterson,"October 16, 2001 (aged 24)",26.0,1.0,Everton,Scotland,0
,DF,Anthony Ralston,"November 16, 1998 (aged 27)",26.0,1.0,Celtic,Scotland,0
,DF,John Souttar,"September 25, 1996 (aged 29)",23.0,2.0,Rangers,Scotland,0
,DF,Aaron Hickey,"June 10, 2002 (aged 24)",20.0,0.0,Brentford,Scotland,0
,DF,Dominic Hyam,"December 20, 1995 (aged 30)",3.0,0.0,Wrexham,Scotland,0
,MF,John McGinn,"October 18, 1994 (aged 31)",85.0,20.0,Aston Villa,Scotland,0
,MF,Scott McTominay,"December 8, 1996 (aged 29)",69.0,14.0,Napoli,Scotland,0
,MF,Ryan Christie,"February 22, 1995 (aged 31)",67.0,10.0,Bournemouth,Scotland,0
,MF,Kenny McLean,"January 8, 1992 (aged 34)",57.0,3.0,Norwich City,Scotland,0
,MF,Lewis Ferguson,"August 24, 1999 (aged 26)",23.0,1.0,Bologna,Scotland,0
,MF,Ben Gannon-Doak,"November 11, 2005 (aged 20)",13.0,1.0,Bournemouth,Scotland,0
,MF,Findlay Curtis,"June 9, 2006 (aged 20)",2.0,1.0,Kilmarnock,Scotland,0
,MF,Tyler Fletcher,"March 19, 2007 (aged 19)",1.0,0.0,Manchester United,Scotland,0
,FW,Lyndon Dykes,"October 7, 1995 (aged 30)",51.0,10.0,Charlton Athletic,Scotland,0
,FW,Ché Adams,"July 13, 1996 (aged 29)",46.0,11.0,Torino,Scotland,0
,FW,Lawrence Shankland,"August 10, 1995 (aged 30)",19.0,6.0,Heart of Midlothian,Scotland,0
,FW,George Hirst,"February 15, 1999 (aged 27)",9.0,1.0,Ipswich Town,Scotland,0
,FW,Ross Stewart,"July 11, 1996 (aged 29)",2.0,0.0,Southampton,Scotland,0
,GK,Gatito Fernández,"March 29, 1988 (aged 38)",30.0,0.0,Cerro Porteño,Paraguay,0
,GK,Carlos Coronel,"December 29, 1996 (aged 29)",9.0,0.0,São Paulo,Paraguay,0
,GK,Orlando Gill,"June 11, 2000 (aged 26)",5.0,0.0,San Lorenzo,Paraguay,0
,GK,Santiago Rojas,"April 5, 1996 (aged 30)",2.0,0.0,Nacional,Paraguay,0
,GK,Juan Espínola,"November 2, 1994 (aged 31)",1.0,0.0,Barracas Central,Paraguay,0
,GK,Gastón Olveira,"April 21, 1993 (aged 33)",1.0,0.0,Olimpia,Paraguay,0
,DF,Gustavo Gómez,"May 6, 1993 (aged 33)",88.0,4.0,Palmeiras,Paraguay,1
,DF,Júnior Alonso,"February 9, 1993 (aged 33)",70.0,3.0,Atlético Mineiro,Paraguay,0
,DF,Fabián Balbuena,"August 23, 1991 (aged 34)",47.0,2.0,Grêmio,Paraguay,0
,DF,Omar Alderete,"December 26, 1996 (aged 29)",35.0,3.0,Sunderland,Paraguay,0
,DF,Juan José Cáceres,"June 1, 2000 (aged 26)",16.0,0.0,Dynamo Moscow,Paraguay,0
,DF,Blas Riveros,"February 3, 1998 (aged 28)",15.0,0.0,Cerro Porteño,Paraguay,0
,DF,Gustavo Velázquez,"April 17, 1991 (aged 35)",12.0,1.0,Cerro Porteño,Paraguay,0
,DF,Alan Benítez,"January 25, 1994 (aged 32)",8.0,0.0,Libertad,Paraguay,0
,DF,Agustín Sández,"January 16, 2001 (aged 25)",5.0,0.0,Rosario Central,Paraguay,0
,DF,Mateo Gamarra,"October 20, 2000 (aged 25)",3.0,0.0,Cruzeiro,Paraguay,0
,DF,Saúl Salcedo,"August 28, 1997 (aged 28)",2.0,0.0,Newell's Old Boys,Paraguay,0
,DF,José Canale,"July 20, 1996 (aged 29)",1.0,0.0,Lanús,Paraguay,0
,DF,Diego León,"April 3, 2007 (aged 19)",1.0,0.0,Manchester United,Paraguay,0
,DF,Alexandro Maidana,"July 26, 2005 (aged 20)",1.0,0.0,Talleres,Paraguay,0
,DF,Alcides Benítez,"June 8, 2002 (aged 24)",0.0,0.0,Belgrano,Paraguay,0
,DF,Ronaldo Dejesús,"April 21, 2001 (aged 25)",0.0,0.0,Lanús,Paraguay,0
,DF,Alan Núñez,"October 1, 2004 (aged 21)",0.0,0.0,Nacional,Paraguay,0
,MF,Miguel Almirón,"February 10, 1994 (aged 32)",75.0,9.0,Atlanta United FC,Paraguay,0
,MF,Mathías Villasanti,"January 24, 1997 (aged 29)",51.0,0.0,Grêmio,Paraguay,0
,MF,Kaku,"January 11, 1995 (aged 31)",32.0,5.0,Al Ain,Paraguay,0
,MF,Andrés Cubas,"May 22, 1996 (aged 30)",32.0,0.0,Vancouver Whitecaps FC,Paraguay,0
,MF,Ramón Sosa,"August 31, 1999 (aged 26)",28.0,1.0,Palmeiras,Paraguay,0
,MF,Diego Gómez,"March 27, 2003 (aged 23)",23.0,3.0,Brighton & Hove Albion,Paraguay,0
,MF,Damián Bobadilla,"July 11, 2001 (aged 24)",19.0,1.0,São Paulo,Paraguay,0
,MF,Braian Ojeda,"July 27, 2000 (aged 25)",16.0,0.0,Orlando City SC,Paraguay,0
,MF,Matías Galarza,"February 11, 2002 (aged 24)",14.0,2.0,Atlanta United FC,Paraguay,0
,MF,Robert Piris Da Motta,"July 26, 1994 (aged 31)",9.0,0.0,Cerro Porteño,Paraguay,0
,MF,Álvaro Campuzano,"June 12, 1995 (aged 30)",4.0,0.0,Libertad,Paraguay,0
,MF,Diego González,"January 7, 2003 (aged 23)",4.0,0.0,Atlas,Paraguay,0
,MF,Hugo Cuenca,"January 8, 2005 (aged 21)",3.0,0.0,Burgos,Paraguay,0
,MF,Maurício,"June 22, 2001 (aged 24)",2.0,0.0,Palmeiras,Paraguay,0
,MF,Lucas Romero,"August 29, 2002 (aged 23)",2.0,0.0,Universidad de Chile,Paraguay,0
,MF,Enso González,"January 20, 2005 (aged 21)",0.0,0.0,Wolverhampton Wanderers,Paraguay,0
,MF,Rubén Lezcano,"February 9, 2004 (aged 22)",0.0,0.0,Olimpia,Paraguay,0
,FW,Óscar Romero,"July 4, 1992 (aged 33)",55.0,4.0,Huracán,Paraguay,0
,FW,Ángel Romero,"July 4, 1992 (aged 33)",51.0,8.0,Boca Juniors,Paraguay,0
,FW,Antonio Sanabria,"March 4, 1996 (aged 30)",47.0,7.0,Cremonese,Paraguay,0
,FW,Julio Enciso,"January 23, 2004 (aged 22)",31.0,4.0,Strasbourg,Paraguay,0
,FW,Gabriel Ávalos,"July 9, 1991 (aged 34)",22.0,2.0,Independiente,Paraguay,0
,FW,Carlos González,"February 4, 1993 (aged 33)",15.0,0.0,Independiente del Valle,Paraguay,0
,FW,Álex Arce,"June 16, 1995 (aged 30)",14.0,1.0,Independiente Rivadavia,Paraguay,0
,FW,Adam Bareiro,"July 26, 1996 (aged 29)",8.0,0.0,Boca Juniors,Paraguay,0
,FW,Lorenzo Melgarejo,"August 10, 1990 (aged 35)",5.0,0.0,Libertad,Paraguay,0
,FW,Isidro Pitta,"August 14, 1999 (aged 26)",5.0,0.0,Red Bull Bragantino,Paraguay,0
,FW,Ronaldo Martínez,"April 25, 1996 (aged 30)",4.0,0.0,Talleres,Paraguay,0
,FW,Gustavo Caballero,"September 21, 2001 (aged 24)",2.0,1.0,Portsmouth,Paraguay,0
,FW,Robert Morales,"March 17, 1999 (aged 27)",2.0,1.0,UNAM,Paraguay,0
,FW,Adrián Alcaraz,"September 28, 1999 (aged 26)",0.0,0.0,Olimpia,Paraguay,0
,FW,Rodney Redes,"February 22, 2000 (aged 26)",0.0,0.0,LDU Quito,Paraguay,0
,GK,Uğurcan Çakır,"April 5, 1996 (aged 30)",38.0,0.0,Galatasaray,Turkey,0
,GK,Mert Günok,"March 1, 1989 (aged 37)",37.0,0.0,Fenerbahçe,Turkey,0
,GK,Altay Bayındır,"April 14, 1998 (aged 28)",11.0,0.0,Manchester United,Turkey,0
,GK,Ersin Destanoğlu,"January 1, 2001 (aged 25)",0.0,0.0,Beşiktaş,Turkey,0
,GK,Muhammed Şengezer,"January 5, 1997 (aged 29)",0.0,0.0,İstanbul Başakşehir,Turkey,0
,DF,Merih Demiral,"March 5, 1998 (aged 28)",61.0,6.0,Al-Ahli,Turkey,0
,DF,Zeki Çelik,"February 17, 1997 (aged 29)",59.0,3.0,Roma,Turkey,0
,DF,Çağlar Söyüncü,"May 23, 1996 (aged 30)",59.0,2.0,Fenerbahçe,Turkey,0
,DF,Mert Müldür,"April 3, 1999 (aged 27)",43.0,3.0,Fenerbahçe,Turkey,0
,DF,Ferdi Kadıoğlu,"October 7, 1999 (aged 26)",30.0,2.0,Brighton & Hove Albion,Turkey,0
,DF,Ozan Kabak,"March 25, 2000 (aged 26)",28.0,2.0,TSG Hoffenheim,Turkey,0
,DF,Abdülkerim Bardakcı,"September 7, 1994 (aged 31)",26.0,2.0,Galatasaray,Turkey,0
,DF,Eren Elmalı,"July 7, 2000 (aged 25)",21.0,0.0,Galatasaray,Turkey,0
,DF,Samet Akaydin,"May 13, 1994 (aged 32)",18.0,1.0,Çaykur Rizespor,Turkey,0
,DF,Yusuf Akçiçek,"January 25, 2006 (aged 20)",3.0,0.0,Al-Hilal,Turkey,0
,DF,Mustafa Eskihellaç,"May 5, 1997 (aged 29)",3.0,0.0,Trabzonspor,Turkey,0
,DF,Ahmetcan Kaplan,"January 16, 2003 (aged 23)",0.0,0.0,NEC,Turkey,0
,MF,Hakan Çalhanoğlu,"February 8, 1994 (aged 32)",104.0,22.0,Inter Milan,Turkey,1
,MF,Kaan Ayhan,"November 10, 1994 (aged 31)",72.0,5.0,Galatasaray,Turkey,0
,MF,Orkun Kökçü,"December 29, 2000 (aged 25)",48.0,3.0,Beşiktaş,Turkey,0
,MF,İsmail Yüksek,"January 26, 1999 (aged 27)",31.0,1.0,Fenerbahçe,Turkey,0
,MF,Salih Özcan,"January 11, 1998 (aged 28)",28.0,1.0,Borussia Dortmund,Turkey,0
,MF,Atakan Karazor,"October 13, 1996 (aged 29)",2.0,0.0,VfB Stuttgart,Turkey,0
,MF,Demir Ege Tıknaz,"August 17, 2004 (aged 21)",1.0,0.0,Braga,Turkey,0
,FW,Kerem Aktürkoğlu,"October 21, 1998 (aged 27)",51.0,15.0,Fenerbahçe,Turkey,0
,FW,İrfan Can Kahveci,"July 15, 1995 (aged 30)",45.0,6.0,Kasımpaşa,Turkey,0
,FW,Barış Alper Yılmaz,"May 23, 2000 (aged 26)",33.0,2.0,Galatasaray,Turkey,0
,FW,Arda Güler,"February 25, 2005 (aged 21)",28.0,6.0,Real Madrid,Turkey,0
,FW,Kenan Yıldız,"May 4, 2005 (aged 21)",28.0,5.0,Juventus,Turkey,0
,FW,Yunus Akgün,"July 7, 2000 (aged 25)",17.0,3.0,Galatasaray,Turkey,0
,FW,Oğuz Aydın,"October 27, 2000 (aged 25)",9.0,0.0,Fenerbahçe,Turkey,0
,FW,Deniz Gül,"July 2, 2004 (aged 21)",6.0,1.0,Porto,Turkey,0
,FW,Yusuf Sarı,"November 20, 1998 (aged 27)",6.0,1.0,İstanbul Başakşehir,Turkey,0
,FW,Can Uzun,"November 11, 2005 (aged 20)",4.0,0.0,Eintracht Frankfurt,Turkey,0
,FW,Aral Şimşir,"June 19, 2002 (aged 23)",0.0,0.0,Midtjylland,Turkey,0
1.0,GK,Matt Turner,"June 24, 1994 (aged 31)",53.0,0.0,New England Revolution,United States,0
2.0,DF,Sergiño Dest,"November 3, 2000 (aged 25)",37.0,2.0,PSV Eindhoven,United States,0
3.0,DF,Chris Richards,"March 28, 2000 (aged 26)",36.0,3.0,Crystal Palace,United States,0
4.0,MF,Tyler Adams,"February 14, 1999 (aged 27)",52.0,2.0,Bournemouth,United States,0
5.0,DF,Antonee Robinson,"August 8, 1997 (aged 28)",52.0,4.0,Fulham,United States,0
6.0,DF,Auston Trusty,"August 12, 1998 (aged 27)",6.0,0.0,Celtic,United States,0
7.0,MF,Giovanni Reyna,"November 13, 2002 (aged 23)",36.0,9.0,Borussia Mönchengladbach,United States,0
8.0,MF,Weston McKennie,"August 28, 1998 (aged 27)",64.0,12.0,Juventus,United States,0
9.0,FW,Ricardo Pepi,"January 9, 2003 (aged 23)",35.0,13.0,PSV Eindhoven,United States,0
10.0,FW,Christian Pulisic,"September 18, 1998 (aged 27)",84.0,32.0,Milan,United States,0
11.0,FW,Brenden Aaronson,"October 22, 2000 (aged 25)",57.0,9.0,Leeds United,United States,0
12.0,DF,Miles Robinson,"March 14, 1997 (aged 29)",38.0,3.0,FC Cincinnati,United States,0
13.0,DF,Tim Ream,"October 5, 1987 (aged 38)",80.0,1.0,Charlotte FC,United States,1
14.0,MF,Sebastian Berhalter,"May 10, 2001 (aged 25)",11.0,1.0,Vancouver Whitecaps FC,United States,0
15.0,MF,Cristian Roldan,"June 3, 1995 (aged 31)",45.0,0.0,Seattle Sounders FC,United States,0
16.0,DF,Alex Freeman,"August 9, 2004 (aged 21)",15.0,2.0,Villarreal,United States,0
17.0,MF,Malik Tillman,"May 28, 2002 (aged 24)",28.0,3.0,Bayer Leverkusen,United States,0
18.0,DF,Maximilian Arfsten,"April 19, 2001 (aged 25)",18.0,1.0,Columbus Crew,United States,0
19.0,FW,Haji Wright,"March 27, 1998 (aged 28)",20.0,7.0,Coventry City,United States,0
20.0,FW,Folarin Balogun,"July 3, 2001 (aged 24)",25.0,8.0,Monaco,United States,0
21.0,FW,Timothy Weah,"February 22, 2000 (aged 26)",49.0,7.0,Marseille,United States,0
22.0,DF,Mark McKenzie,"February 25, 1999 (aged 27)",27.0,0.0,Toulouse,United States,0
23.0,DF,Joe Scally,"December 31, 2002 (aged 23)",24.0,0.0,Borussia Mönchengladbach,United States,0
24.0,GK,Matt Freese,"September 2, 1998 (aged 27)",14.0,0.0,New York City FC,United States,0
25.0,GK,Chris Brady,"March 3, 2004 (aged 22)",0.0,0.0,Chicago Fire FC,United States,0
26.0,FW,Alejandro Zendejas,"February 7, 1998 (aged 28)",13.0,2.0,América,United States,0
1.0,GK,Eloy Room,"February 6, 1989 (aged 37)",71.0,0.0,Miami FC,Curaçao,0
2.0,DF,Shurandy Sambo,"August 19, 2001 (aged 24)",7.0,0.0,Sparta Rotterdam,Curaçao,0
3.0,DF,Juriën Gaari,"December 23, 1993 (aged 32)",59.0,1.0,Abha,Curaçao,0
4.0,DF,Roshon van Eijma,"June 9, 1998 (aged 28)",27.0,1.0,RKC Waalwijk,Curaçao,0
5.0,DF,Sherel Floranus,"August 23, 1998 (aged 27)",27.0,0.0,PEC Zwolle,Curaçao,0
6.0,MF,Godfried Roemeratoe,"August 19, 1999 (aged 26)",27.0,1.0,RKC Waalwijk,Curaçao,0
7.0,MF,Juninho Bacuna,"August 7, 1997 (aged 28)",48.0,14.0,Volendam,Curaçao,0
8.0,MF,Livano Comenencia,"February 3, 2004 (aged 22)",19.0,1.0,Zürich,Curaçao,0
9.0,FW,Jürgen Locadia,"November 7, 1993 (aged 32)",13.0,1.0,Miami FC,Curaçao,0
10.0,MF,Leandro Bacuna,"August 21, 1991 (aged 34)",71.0,16.0,Iğdır,Curaçao,1
11.0,FW,Jeremy Antonisse,"March 29, 2002 (aged 24)",26.0,3.0,Kifisia,Curaçao,0
12.0,FW,Sontje Hansen,"May 18, 2002 (aged 24)",5.0,1.0,Middlesbrough,Curaçao,0
13.0,MF,Tyrese Noslin,"September 11, 2002 (aged 23)",6.0,1.0,Telstar,Curaçao,0
14.0,FW,Kenji Gorré,"September 29, 1994 (aged 31)",37.0,6.0,Maccabi Haifa,Curaçao,0
15.0,MF,Ar'jany Martha,"September 4, 2003 (aged 22)",8.0,2.0,Rotherham United,Curaçao,0
16.0,FW,Jearl Margaritha,"April 10, 2000 (aged 26)",21.0,5.0,Beveren,Curaçao,0
17.0,FW,Brandley Kuwas,"September 19, 1992 (aged 33)",34.0,2.0,Volendam,Curaçao,0
18.0,DF,Armando Obispo,"March 5, 1999 (aged 27)",5.0,0.0,PSV Eindhoven,Curaçao,0
19.0,FW,Gervane Kastaneer,"June 9, 1996 (aged 30)",28.0,9.0,Terengganu,Curaçao,0
20.0,DF,Joshua Brenet,"March 20, 1994 (aged 32)",17.0,1.0,Kayserispor,Curaçao,0
21.0,FW,Tahith Chong,"December 4, 1999 (aged 26)",5.0,3.0,Sheffield United,Curaçao,0
22.0,MF,Kevin Felida,"November 11, 1999 (aged 26)",19.0,1.0,Den Bosch,Curaçao,0
23.0,DF,Riechedly Bazoer,"October 12, 1996 (aged 29)",4.0,0.0,Konyaspor,Curaçao,0
24.0,DF,Deveron Fonville,"May 16, 2003 (aged 23)",1.0,0.0,NEC,Curaçao,0
25.0,GK,Tyrick Bodak,"May 15, 2002 (aged 24)",4.0,0.0,Telstar,Curaçao,0
26.0,GK,Trevor Doornbusch,"July 6, 1999 (aged 26)",7.0,0.0,VVV-Venlo,Curaçao,0
1.0,GK,Manuel Neuer,"March 27, 1986 (aged 40)",124.0,0.0,Bayern Munich,Germany,0
2.0,DF,Antonio Rüdiger,"March 3, 1993 (aged 33)",82.0,3.0,Real Madrid,Germany,0
3.0,DF,Waldemar Anton,"July 20, 1996 (aged 29)",12.0,0.0,Borussia Dortmund,Germany,0
4.0,DF,Jonathan Tah,"February 11, 1996 (aged 30)",45.0,1.0,Bayern Munich,Germany,0
5.0,MF,Aleksandar Pavlović,"May 3, 2004 (aged 22)",9.0,1.0,Bayern Munich,Germany,0
6.0,MF,Joshua Kimmich,"February 8, 1995 (aged 31)",108.0,10.0,Bayern Munich,Germany,1
7.0,FW,Kai Havertz,"June 11, 1999 (aged 27)",57.0,21.0,Arsenal,Germany,0
8.0,MF,Leon Goretzka,"February 6, 1995 (aged 31)",69.0,15.0,Bayern Munich,Germany,0
9.0,MF,Jamie Leweling,"February 26, 2001 (aged 25)",4.0,1.0,VfB Stuttgart,Germany,0
10.0,MF,Jamal Musiala,"February 26, 2003 (aged 23)",40.0,8.0,Bayern Munich,Germany,0
11.0,FW,Nick Woltemade,"February 14, 2002 (aged 24)",10.0,4.0,Newcastle United,Germany,0
12.0,GK,Oliver Baumann,"June 2, 1990 (aged 36)",11.0,0.0,TSG Hoffenheim,Germany,0
13.0,MF,Pascal Groß,"June 15, 1991 (aged 34)",18.0,1.0,Brighton & Hove Albion,Germany,0
14.0,FW,Maximilian Beier,"October 17, 2002 (aged 23)",7.0,0.0,Borussia Dortmund,Germany,0
15.0,DF,Nico Schlotterbeck,"December 1, 1999 (aged 26)",25.0,0.0,Borussia Dortmund,Germany,0
16.0,MF,Angelo Stiller,"April 4, 2001 (aged 25)",7.0,0.0,VfB Stuttgart,Germany,0
17.0,MF,Florian Wirtz,"May 3, 2003 (aged 23)",39.0,10.0,Liverpool,Germany,0
18.0,DF,Nathaniel Brown,"June 16, 2003 (aged 22)",3.0,0.0,Eintracht Frankfurt,Germany,0
19.0,MF,Leroy Sané,"January 11, 1996 (aged 30)",74.0,16.0,Galatasaray,Germany,0
20.0,MF,Nadiem Amiri,"October 27, 1996 (aged 29)",9.0,1.0,Mainz 05,Germany,0
21.0,GK,Alexander Nübel,"September 30, 1996 (aged 29)",3.0,0.0,VfB Stuttgart,Germany,0
22.0,DF,David Raum,"April 22, 1998 (aged 28)",36.0,1.0,RB Leipzig,Germany,0
23.0,MF,Felix Nmecha,"October 10, 2000 (aged 25)",6.0,1.0,Borussia Dortmund,Germany,0
24.0,DF,Malick Thiaw,"August 8, 2001 (aged 24)",5.0,0.0,Newcastle United,Germany,0
25.0,MF,Lennart Karl,"February 22, 2008 (aged 18)",2.0,0.0,Bayern Munich,Germany,0
26.0,FW,Deniz Undav,"July 19, 1996 (aged 29)",7.0,4.0,VfB Stuttgart,Germany,0
,GK,Yahia Fofana,"August 21, 2000 (aged 25)",34.0,0.0,Çaykur Rizespor,Ivory Coast,0
,GK,Alban Lafont,"January 23, 1999 (aged 27)",4.0,0.0,Panathinaikos,Ivory Coast,0
,GK,Mohamed Koné,"March 7, 2002 (aged 24)",0.0,0.0,Charleroi,Ivory Coast,0
,DF,Ghislain Konan,"December 27, 1995 (aged 30)",53.0,0.0,Gil Vicente,Ivory Coast,0
,DF,Odilon Kossounou,"January 4, 2001 (aged 25)",35.0,0.0,Atalanta,Ivory Coast,0
,DF,Wilfried Singo,"December 25, 2000 (aged 25)",33.0,1.0,Galatasaray,Ivory Coast,0
,DF,Evan Ndicka,"August 20, 1999 (aged 26)",28.0,0.0,Roma,Ivory Coast,0
,DF,Emmanuel Agbadou,"June 7, 1997 (aged 29)",19.0,2.0,Beşiktaş,Ivory Coast,0
,DF,Guéla Doué,"October 17, 2002 (aged 23)",19.0,2.0,Strasbourg,Ivory Coast,0
,DF,Ousmane Diomande,"December 4, 2003 (aged 22)",14.0,1.0,Sporting CP,Ivory Coast,0
,DF,Christopher Opéri,"April 29, 1997 (aged 29)",11.0,0.0,İstanbul Başakşehir,Ivory Coast,0
,MF,Franck Kessié,"December 19, 1996 (aged 29)",102.0,15.0,Al-Ahli,Ivory Coast,1
,MF,Jean Michaël Seri,"July 19, 1991 (aged 34)",65.0,4.0,Maribor,Ivory Coast,0
,MF,Ibrahim Sangaré,"December 2, 1997 (aged 28)",57.0,12.0,Nottingham Forest,Ivory Coast,0
,MF,Seko Fofana,"May 7, 1995 (aged 31)",31.0,7.0,Porto,Ivory Coast,0
,MF,Christ Inao Oulaï,"April 6, 2006 (aged 20)",8.0,0.0,Trabzonspor,Ivory Coast,0
,MF,Parfait Guiagon,"February 22, 2001 (aged 25)",5.0,0.0,Charleroi,Ivory Coast,0
,FW,Nicolas Pépé,"May 29, 1995 (aged 31)",54.0,12.0,Villarreal,Ivory Coast,0
,FW,Oumar Diakité,"December 20, 2003 (aged 22)",28.0,6.0,Cercle Brugge,Ivory Coast,0
,FW,Simon Adingra,"January 1, 2002 (aged 24)",28.0,5.0,Monaco,Ivory Coast,0
,FW,Evann Guessand,"July 1, 2001 (aged 24)",21.0,4.0,Crystal Palace,Ivory Coast,0
,FW,Amad Diallo,"July 11, 2002 (aged 23)",18.0,5.0,Manchester United,Ivory Coast,0
,FW,Yan Diomande,"November 14, 2006 (aged 19)",9.0,3.0,RB Leipzig,Ivory Coast,0
,FW,Bazoumana Touré,"March 2, 2006 (aged 20)",5.0,2.0,TSG Hoffenheim,Ivory Coast,0
,FW,Elye Wahi,"January 2, 2003 (aged 23)",1.0,0.0,Nice,Ivory Coast,0
,FW,Ange-Yoan Bonny,"October 25, 2003 (aged 22)",0.0,0.0,Inter Milan,Ivory Coast,0
1.0,GK,Zion Suzuki,"August 21, 2002 (aged 23)",23.0,0.0,Parma,Japan,0
2.0,DF,Yukinari Sugawara,"June 28, 2000 (aged 25)",20.0,2.0,Werder Bremen,Japan,0
3.0,DF,Shōgo Taniguchi,"July 15, 1991 (aged 34)",37.0,1.0,Sint-Truiden,Japan,0
4.0,DF,Kō Itakura,"January 27, 1997 (aged 29)",39.0,2.0,Ajax,Japan,0
5.0,DF,Yūto Nagatomo,"September 12, 1986 (aged 39)",144.0,4.0,FC Tokyo,Japan,0
6.0,MF,Wataru Endo,"February 9, 1993 (aged 33)",72.0,4.0,Liverpool,Japan,1
7.0,MF,Ao Tanaka,"September 10, 1998 (aged 27)",37.0,8.0,Leeds United,Japan,0
8.0,MF,Takefusa Kubo,"June 4, 2001 (aged 25)",48.0,7.0,Real Sociedad,Japan,0
9.0,FW,Keisuke Gotō,"June 3, 2005 (aged 21)",3.0,0.0,Sint-Truiden,Japan,0
10.0,MF,Ritsu Dōan,"June 16, 1998 (aged 27)",64.0,11.0,Eintracht Frankfurt,Japan,0
11.0,FW,Daizen Maeda,"October 20, 1997 (aged 28)",27.0,4.0,Celtic,Japan,0
12.0,GK,Keisuke Ōsako,"July 28, 1999 (aged 26)",11.0,0.0,Sanfrecce Hiroshima,Japan,0
13.0,MF,Keito Nakamura,"July 28, 2000 (aged 25)",24.0,10.0,Reims,Japan,0
14.0,MF,Junya Itō,"March 9, 1993 (aged 33)",68.0,15.0,Genk,Japan,0
15.0,MF,Daichi Kamada,"August 5, 1996 (aged 29)",49.0,12.0,Crystal Palace,Japan,0
16.0,DF,Tsuyoshi Watanabe,"February 5, 1997 (aged 29)",10.0,0.0,Feyenoord,Japan,0
17.0,FW,Yuito Suzuki,"October 25, 2001 (aged 24)",6.0,0.0,SC Freiburg,Japan,0
18.0,FW,Ayase Ueda,"August 28, 1998 (aged 27)",38.0,16.0,Feyenoord,Japan,0
19.0,FW,Kōki Ogawa,"August 8, 1997 (aged 28)",14.0,10.0,NEC,Japan,0
20.0,DF,Ayumu Seko,"June 7, 2000 (aged 26)",13.0,0.0,Le Havre,Japan,0
21.0,DF,Hiroki Itō,"May 12, 1999 (aged 27)",23.0,1.0,Bayern Munich,Japan,0
22.0,DF,Takehiro Tomiyasu,"November 5, 1998 (aged 27)",42.0,1.0,Ajax,Japan,0
23.0,GK,Tomoki Hayakawa,"March 3, 1999 (aged 27)",3.0,0.0,Kashima Antlers,Japan,0
24.0,MF,Kaishū Sano,"December 30, 2000 (aged 25)",12.0,0.0,Mainz 05,Japan,0
25.0,DF,Junnosuke Suzuki,"July 12, 2003 (aged 22)",6.0,0.0,Copenhagen,Japan,0
26.0,FW,Kento Shiogai,"March 26, 2005 (aged 21)",1.0,0.0,VfL Wolfsburg,Japan,0
,GK,Bart Verbruggen,"August 18, 2002 (aged 23)",27.0,0.0,Brighton & Hove Albion,Netherlands,0
,GK,Mark Flekken,"June 13, 1993 (aged 32)",11.0,0.0,Bayer Leverkusen,Netherlands,0
,GK,Robin Roefs,"January 17, 2003 (aged 23)",0.0,0.0,Sunderland,Netherlands,0
,DF,Virgil van Dijk,"July 8, 1991 (aged 34)",90.0,12.0,Liverpool,Netherlands,1
,DF,Denzel Dumfries,"April 18, 1996 (aged 30)",71.0,11.0,Inter Milan,Netherlands,0
,DF,Nathan Aké,"February 18, 1995 (aged 31)",58.0,5.0,Manchester City,Netherlands,0
,DF,Jurriën Timber,"June 17, 2001 (aged 24)",23.0,0.0,Arsenal,Netherlands,0
,DF,Micky van de Ven,"April 19, 2001 (aged 25)",19.0,1.0,Tottenham Hotspur,Netherlands,0
,DF,Mats Wieffer,"November 16, 1999 (aged 26)",14.0,1.0,Brighton & Hove Albion,Netherlands,0
,DF,Jan Paul van Hecke,"June 8, 2000 (aged 26)",10.0,0.0,Brighton & Hove Albion,Netherlands,0
,DF,Jorrel Hato,"March 7, 2006 (aged 20)",7.0,0.0,Chelsea,Netherlands,0
,MF,Frenkie de Jong,"May 12, 1997 (aged 29)",64.0,2.0,Barcelona,Netherlands,0
,MF,Marten de Roon,"March 29, 1991 (aged 35)",42.0,1.0,Atalanta,Netherlands,0
,MF,Tijjani Reijnders,"July 29, 1998 (aged 27)",30.0,7.0,Manchester City,Netherlands,0
,MF,Teun Koopmeiners,"February 28, 1998 (aged 28)",27.0,3.0,Juventus,Netherlands,0
,MF,Ryan Gravenberch,"May 16, 2002 (aged 24)",25.0,1.0,Liverpool,Netherlands,0
,MF,Justin Kluivert,"May 5, 1999 (aged 27)",11.0,0.0,Bournemouth,Netherlands,0
,MF,Quinten Timber,"June 17, 2001 (aged 24)",10.0,1.0,Marseille,Netherlands,0
,MF,Guus Til,"December 22, 1997 (aged 28)",6.0,1.0,PSV Eindhoven,Netherlands,0
,FW,Memphis Depay,"February 13, 1994 (aged 32)",108.0,55.0,Corinthians,Netherlands,0
,FW,Wout Weghorst,"August 7, 1992 (aged 33)",51.0,14.0,Ajax,Netherlands,0
,FW,Donyell Malen,"January 19, 1999 (aged 27)",51.0,13.0,Roma,Netherlands,0
,FW,Cody Gakpo,"May 7, 1999 (aged 27)",48.0,19.0,Liverpool,Netherlands,0
,FW,Noa Lang,"June 17, 1999 (aged 26)",15.0,3.0,Galatasaray,Netherlands,0
,FW,Brian Brobbey,"February 1, 2002 (aged 24)",10.0,1.0,Sunderland,Netherlands,0
,FW,Crysencio Summerville,"October 30, 2001 (aged 24)",0.0,0.0,West Ham United,Netherlands,0
1.0,GK,Jacob Widell Zetterström,"July 11, 1998 (aged 27)",2.0,0.0,Derby County,Sweden,0
2.0,DF,Gustaf Lagerbielke,"April 10, 2000 (aged 26)",9.0,2.0,Braga,Sweden,0
3.0,DF,Victor Lindelöf,"July 17, 1994 (aged 31)",75.0,3.0,Aston Villa,Sweden,1
4.0,DF,Isak Hien,"January 13, 1999 (aged 27)",27.0,0.0,Atalanta,Sweden,0
5.0,DF,Gabriel Gudmundsson,"April 29, 1999 (aged 27)",23.0,0.0,Leeds United,Sweden,0
6.0,DF,Herman Johansson,"October 16, 1997 (aged 28)",2.0,0.0,FC Dallas,Sweden,0
7.0,MF,Lucas Bergvall,"February 2, 2006 (aged 20)",8.0,0.0,Tottenham Hotspur,Sweden,0
8.0,DF,Daniel Svensson,"February 12, 2002 (aged 24)",11.0,0.0,Borussia Dortmund,Sweden,0
9.0,FW,Alexander Isak,"September 21, 1999 (aged 26)",56.0,16.0,Liverpool,Sweden,0
10.0,FW,Benjamin Nygren,"July 8, 2001 (aged 24)",9.0,3.0,Celtic,Sweden,0
11.0,FW,Anthony Elanga,"April 27, 2002 (aged 24)",28.0,6.0,Newcastle United,Sweden,0
12.0,GK,Viktor Johansson,"September 14, 1998 (aged 27)",12.0,0.0,Stoke City,Sweden,0
13.0,FW,Ken Sema,"September 30, 1993 (aged 32)",32.0,5.0,Pafos,Sweden,0
14.0,DF,Hjalmar Ekdal,"October 21, 1998 (aged 27)",11.0,0.0,Burnley,Sweden,0
15.0,DF,Carl Starfelt,"June 1, 1995 (aged 31)",17.0,0.0,Celta Vigo,Sweden,0
16.0,MF,Jesper Karlström,"June 21, 1995 (aged 30)",23.0,0.0,Udinese,Sweden,0
17.0,FW,Viktor Gyökeres,"June 4, 1998 (aged 28)",32.0,19.0,Arsenal,Sweden,0
18.0,MF,Yasin Ayari,"October 6, 2003 (aged 22)",19.0,3.0,Brighton & Hove Albion,Sweden,0
19.0,MF,Mattias Svanberg,"January 5, 1999 (aged 27)",39.0,2.0,VfL Wolfsburg,Sweden,0
20.0,DF,Eric Smith,"January 8, 1997 (aged 29)",0.0,0.0,FC St. Pauli,Sweden,0
21.0,FW,Alexander Bernhardsson,"September 8, 1998 (aged 27)",9.0,0.0,Holstein Kiel,Sweden,0
22.0,MF,Besfort Zeneli,"November 21, 2002 (aged 23)",6.0,0.0,Union Saint-Gilloise,Sweden,0
23.0,GK,Kristoffer Nordfeldt,"June 23, 1989 (aged 36)",20.0,0.0,AIK,Sweden,0
24.0,DF,Elliot Stroud,"June 22, 2002 (aged 23)",0.0,0.0,Mjällby AIF,Sweden,0
25.0,FW,Gustaf Nilsson,"May 23, 1997 (aged 29)",8.0,3.0,Club Brugge,Sweden,0
26.0,FW,Taha Ali,"July 1, 1998 (aged 27)",1.0,0.0,Malmö FF,Sweden,0
,GK,Aymen Dahmen,"January 28, 1997 (aged 29)",37.0,0.0,CS Sfaxien,Tunisia,0
,GK,Sabri Ben Hessen,"June 13, 1996 (aged 29)",2.0,0.0,Étoile du Sahel,Tunisia,0
,GK,Mouhib Chamakh,"August 25, 2001 (aged 24)",1.0,0.0,Club Africain,Tunisia,0
,DF,Montassar Talbi,"May 26, 1998 (aged 28)",62.0,4.0,Lorient,Tunisia,0
,DF,Dylan Bronn,"June 19, 1995 (aged 30)",52.0,2.0,Servette,Tunisia,0
,DF,Ali Abdi,"December 20, 1993 (aged 32)",45.0,7.0,Nice,Tunisia,0
,DF,Yan Valery,"February 22, 1999 (aged 27)",21.0,0.0,Young Boys,Tunisia,0
,DF,Mohamed Amine Ben Hamida,"December 15, 1995 (aged 30)",12.0,0.0,Espérance de Tunis,Tunisia,0
,DF,Moutaz Neffati,"September 4, 2004 (aged 21)",5.0,0.0,IFK Norrköping,Tunisia,0
,DF,Omar Rekik,"December 20, 2001 (aged 24)",4.0,0.0,Maribor,Tunisia,0
,DF,Adem Arous,"July 17, 2004 (aged 21)",1.0,0.0,Kasımpaşa,Tunisia,0
,DF,Raed Chikhaoui,"June 9, 2004 (aged 22)",0.0,0.0,US Monastir,Tunisia,0
,MF,Ellyes Skhiri,"May 10, 1995 (aged 31)",81.0,4.0,Eintracht Frankfurt,Tunisia,1
,MF,Hannibal Mejbri,"January 21, 2003 (aged 23)",44.0,1.0,Burnley,Tunisia,0
,MF,Anis Ben Slimane,"March 16, 2001 (aged 25)",39.0,4.0,Norwich City,Tunisia,0
,MF,Mortadha Ben Ouanes,"July 2, 1994 (aged 31)",17.0,0.0,Kasımpaşa,Tunisia,0
,MF,Ismaël Gharbi,"April 10, 2004 (aged 22)",15.0,2.0,FC Augsburg,Tunisia,0
,MF,Hadj Mahmoud,"April 24, 2000 (aged 26)",7.0,0.0,Lugano,Tunisia,0
,MF,Rani Khedira,"January 27, 1994 (aged 32)",2.0,0.0,Union Berlin,Tunisia,0
,FW,Elias Achouri,"February 10, 1999 (aged 27)",29.0,4.0,Copenhagen,Tunisia,0
,FW,Firas Chaouat,"May 8, 1996 (aged 30)",28.0,6.0,Club Africain,Tunisia,0
,FW,Hazem Mastouri,"June 18, 1997 (aged 28)",18.0,4.0,Dynamo Makhachkala,Tunisia,0
,FW,Elias Saad,"December 27, 1999 (aged 26)",14.0,4.0,Hannover 96,Tunisia,0
,FW,Sebastian Tounekti,"July 13, 2002 (aged 23)",10.0,1.0,Celtic,Tunisia,0
,FW,Khalil Ayari,"February 2, 2005 (aged 21)",2.0,0.0,Paris Saint-Germain,Tunisia,0
,FW,Rayan Elloumi,"September 17, 2007 (aged 18)",2.0,0.0,Vancouver Whitecaps FC,Tunisia,0
,GK,Thibaut Courtois,"May 11, 1992 (aged 34)",107.0,0.0,Real Madrid,Belgium,0
,GK,Senne Lammens,"July 7, 2002 (aged 23)",2.0,0.0,Manchester United,Belgium,0
,GK,Mike Penders,"July 31, 2005 (aged 20)",0.0,0.0,Strasbourg,Belgium,0
,DF,Thomas Meunier,"September 12, 1991 (aged 34)",78.0,10.0,Lille,Belgium,0
,DF,Timothy Castagne,"December 5, 1995 (aged 30)",62.0,2.0,Fulham,Belgium,0
,DF,Arthur Theate,"May 25, 2000 (aged 26)",32.0,1.0,Eintracht Frankfurt,Belgium,0
,DF,Zeno Debast,"October 24, 2003 (aged 22)",26.0,1.0,Sporting CP,Belgium,0
,DF,Maxim De Cuyper,"December 22, 2000 (aged 25)",17.0,4.0,Brighton & Hove Albion,Belgium,0
,DF,Brandon Mechele,"January 28, 1993 (aged 33)",7.0,1.0,Club Brugge,Belgium,0
,DF,Koni De Winter,"June 12, 2002 (aged 23)",7.0,0.0,Milan,Belgium,0
,DF,Joaquin Seys,"March 28, 2005 (aged 21)",4.0,0.0,Club Brugge,Belgium,0
,DF,Nathan Ngoy,"June 10, 2003 (aged 23)",2.0,0.0,Lille,Belgium,0
,MF,Axel Witsel,"January 12, 1989 (aged 37)",136.0,12.0,Girona,Belgium,0
,MF,Kevin De Bruyne,"June 28, 1991 (aged 34)",117.0,36.0,Napoli,Belgium,0
,MF,Youri Tielemans,"May 7, 1997 (aged 29)",83.0,12.0,Aston Villa,Belgium,1
,MF,Hans Vanaken,"August 24, 1992 (aged 33)",32.0,7.0,Club Brugge,Belgium,0
,MF,Amadou Onana,"August 16, 2001 (aged 24)",27.0,1.0,Aston Villa,Belgium,0
,MF,Nicolas Raskin,"February 23, 2001 (aged 25)",11.0,1.0,Rangers,Belgium,0
,FW,Romelu Lukaku,"May 13, 1993 (aged 33)",124.0,89.0,Napoli,Belgium,0
,FW,Leandro Trossard,"December 4, 1994 (aged 31)",50.0,11.0,Arsenal,Belgium,0
,FW,Jérémy Doku,"May 27, 2002 (aged 24)",41.0,7.0,Manchester City,Belgium,0
,FW,Dodi Lukébakio,"September 24, 1997 (aged 28)",29.0,5.0,Benfica,Belgium,0
,FW,Charles De Ketelaere,"March 10, 2001 (aged 25)",28.0,5.0,Atalanta,Belgium,0
,FW,Alexis Saelemaekers,"June 27, 1999 (aged 26)",23.0,2.0,Milan,Belgium,0
,FW,Diego Moreira,"August 6, 2004 (aged 21)",2.0,0.0,Strasbourg,Belgium,0
,FW,Matias Fernandez-Pardo,"February 3, 2005 (aged 21)",0.0,0.0,Lille,Belgium,0
,GK,Mohamed El Shenawy,"December 18, 1988 (aged 37)",76.0,0.0,Al Ahly,Egypt,0
,GK,Mostafa Shobeir,"March 17, 2000 (aged 26)",8.0,0.0,Al Ahly,Egypt,0
,GK,Mohamed Alaa,"January 9, 1999 (aged 27)",0.0,0.0,El Gouna,Egypt,0
,GK,El Mahdy Soliman,"June 8, 1987 (aged 39)",0.0,0.0,Zamalek,Egypt,0
,DF,Hamdy Fathy,"September 29, 1994 (aged 31)",62.0,3.0,Al-Wakrah,Egypt,0
,DF,Ramy Rabia,"May 20, 1993 (aged 33)",44.0,5.0,Al Ain,Egypt,0
,DF,Mohamed Hany,"January 25, 1996 (aged 30)",41.0,0.0,Al Ahly,Egypt,0
,DF,Ahmed Fatouh,"March 22, 1998 (aged 28)",38.0,1.0,Zamalek,Egypt,0
,DF,Mohamed Abdelmonem,"February 1, 1999 (aged 27)",35.0,3.0,Nice,Egypt,0
,DF,Yasser Ibrahim,"February 10, 1993 (aged 33)",16.0,1.0,Al Ahly,Egypt,0
,DF,Hossam Abdelmaguid,"April 30, 2001 (aged 25)",13.0,0.0,Zamalek,Egypt,0
,DF,Karim Hafez,"March 12, 1996 (aged 30)",8.0,0.0,Pyramids,Egypt,0
,DF,Tarek Alaa,"January 5, 2002 (aged 24)",2.0,0.0,ZED,Egypt,0
,MF,Marwan Attia,"August 12, 1998 (aged 27)",33.0,1.0,Al Ahly,Egypt,0
,MF,Emam Ashour,"February 20, 1998 (aged 28)",28.0,0.0,Al Ahly,Egypt,0
,MF,Mohanad Lasheen,"May 29, 1996 (aged 30)",22.0,0.0,Pyramids,Egypt,0
,MF,Mahmoud Saber,"July 30, 2001 (aged 24)",15.0,1.0,ZED,Egypt,0
,MF,Nabil Emad,"April 6, 1996 (aged 30)",12.0,0.0,Al-Najma,Egypt,0
,MF,Mostafa Ziko,"April 27, 1997 (aged 29)",1.0,1.0,Pyramids,Egypt,0
,FW,Mohamed Salah,"June 15, 1992 (aged 33)",116.0,67.0,Liverpool,Egypt,1
,FW,Trézéguet,"October 1, 1994 (aged 31)",95.0,23.0,Al Ahly,Egypt,0
,FW,Zizo,"January 10, 1996 (aged 30)",62.0,5.0,Al Ahly,Egypt,0
,FW,Omar Marmoush,"February 7, 1999 (aged 27)",48.0,11.0,Manchester City,Egypt,0
,FW,Ibrahim Adel,"April 23, 2001 (aged 25)",23.0,3.0,Nordsjælland,Egypt,0
,FW,Haissem Hassan,"February 8, 2002 (aged 24)",3.0,0.0,Oviedo,Egypt,0
,FW,Hamza Abdelkarim,"January 1, 2008 (aged 18)",1.0,0.0,Barcelona B,Egypt,0
,GK,Alireza Beiranvand,"September 21, 1992 (aged 33)",85.0,0.0,Tractor,Iran,0
,GK,Payam Niazmand,"April 6, 1995 (aged 31)",15.0,0.0,Persepolis,Iran,0
,GK,Hossein Hosseini,"June 30, 1992 (aged 33)",13.0,0.0,Sepahan,Iran,0
,GK,Mohammad Khalife,"August 19, 2004 (aged 21)",0.0,0.0,Aluminium Arak,Iran,0
,DF,Ehsan Hajsafi,"February 25, 1990 (aged 36)",145.0,7.0,Sepahan,Iran,0
,DF,Milad Mohammadi,"September 29, 1993 (aged 32)",75.0,1.0,Persepolis,Iran,0
,DF,Ramin Rezaeian,"March 21, 1990 (aged 36)",73.0,7.0,Foolad,Iran,0
,DF,Hossein Kanaanizadegan,"March 23, 1994 (aged 32)",64.0,6.0,Persepolis,Iran,0
,DF,Shojae Khalilzadeh,"May 14, 1989 (aged 37)",57.0,2.0,Tractor,Iran,0
,DF,Saleh Hardani,"December 26, 1998 (aged 27)",17.0,1.0,Esteghlal,Iran,0
,DF,Ali Nemati,"February 7, 1996 (aged 30)",16.0,0.0,Foolad,Iran,0
,DF,Aria Yousefi,"April 22, 2002 (aged 24)",13.0,1.0,Sepahan,Iran,0
,DF,Danial Eiri,"October 26, 2003 (aged 22)",0.0,0.0,Malavan,Iran,0
,MF,Alireza Jahanbakhsh,"August 11, 1993 (aged 32)",98.0,17.0,Dender,Iran,1
,MF,Saeid Ezatolahi,"October 1, 1996 (aged 29)",82.0,1.0,Shabab Al-Ahli,Iran,0
,MF,Saman Ghoddos,"September 6, 1993 (aged 32)",67.0,3.0,Kalba,Iran,0
,MF,Mehdi Torabi,"September 10, 1994 (aged 31)",52.0,7.0,Tractor,Iran,0
,MF,Rouzbeh Cheshmi,"July 24, 1993 (aged 32)",40.0,3.0,Esteghlal,Iran,0
,MF,Omid Noorafkan,"April 9, 1997 (aged 29)",40.0,1.0,Sepahan,Iran,0
,MF,Mohammad Mohebi,"December 20, 1998 (aged 27)",36.0,14.0,Rostov,Iran,0
,MF,Mohammad Ghorbani,"May 21, 2001 (aged 25)",15.0,0.0,Al-Wahda,Iran,0
,MF,Amirmohammad Razzaghinia,"April 11, 2006 (aged 20)",3.0,0.0,Esteghlal,Iran,0
,MF,Hadi Habibinejad,"October 17, 1995 (aged 30)",0.0,0.0,Chadormalou,Iran,0
,FW,Mehdi Taremi,"July 18, 1992 (aged 33)",104.0,60.0,Olympiacos,Iran,0
,FW,Mehdi Ghayedi,"December 5, 1998 (aged 27)",29.0,10.0,Al-Nasr,Iran,0
,FW,Amirhossein Hosseinzadeh,"October 30, 2000 (aged 25)",17.0,5.0,Tractor,Iran,0
,FW,Ali Alipour,"November 11, 1995 (aged 30)",13.0,1.0,Persepolis,Iran,0
,FW,Kasra Taheri,"August 6, 2006 (aged 19)",3.0,0.0,Paykan,Iran,0
,FW,Amirhossein Mahmoudi,"July 12, 2006 (aged 19)",2.0,0.0,Persepolis,Iran,0
,FW,Dennis Eckert,"January 9, 1997 (aged 29)",0.0,0.0,Standard Liège,Iran,0
1.0,GK,Max Crocombe,"August 12, 1993 (aged 32)",22.0,0.0,Millwall,New Zealand,0
2.0,DF,Tim Payne,"January 10, 1994 (aged 32)",49.0,3.0,Wellington Phoenix,New Zealand,0
3.0,DF,Francis de Vries,"November 28, 1994 (aged 31)",18.0,1.0,Auckland FC,New Zealand,0
4.0,DF,Tyler Bindon,"January 27, 2005 (aged 21)",23.0,3.0,Sheffield United,New Zealand,0
5.0,DF,Michael Boxall,"August 18, 1988 (aged 37)",61.0,1.0,Minnesota United FC,New Zealand,0
6.0,MF,Joe Bell,"April 27, 1999 (aged 27)",31.0,1.0,Viking,New Zealand,0
7.0,MF,Matthew Garbett,"April 13, 2002 (aged 24)",35.0,5.0,Peterborough United,New Zealand,0
8.0,MF,Marko Stamenić,"February 19, 2002 (aged 24)",37.0,3.0,Swansea City,New Zealand,0
9.0,FW,Chris Wood,"December 7, 1991 (aged 34)",88.0,45.0,Nottingham Forest,New Zealand,1
10.0,MF,Sarpreet Singh,"February 20, 1999 (aged 27)",26.0,3.0,Wellington Phoenix,New Zealand,0
11.0,MF,Elijah Just,"May 1, 2000 (aged 26)",42.0,9.0,Motherwell,New Zealand,0
12.0,GK,Alex Paulsen,"July 4, 2002 (aged 23)",6.0,0.0,Lechia Gdańsk,New Zealand,0
13.0,DF,Liberato Cacace,"September 27, 2000 (aged 25)",35.0,1.0,Wrexham,New Zealand,0
14.0,MF,Alex Rufer,"June 12, 1996 (aged 29)",24.0,0.0,Wellington Phoenix,New Zealand,0
15.0,DF,Nando Pijnaker,"February 25, 1999 (aged 27)",23.0,0.0,Auckland FC,New Zealand,0
16.0,DF,Finn Surman,"September 23, 2003 (aged 22)",17.0,2.0,Portland Timbers,New Zealand,0
17.0,FW,Kosta Barbarouses,"February 19, 1990 (aged 36)",74.0,10.0,Western Sydney Wanderers,New Zealand,0
18.0,FW,Ben Waine,"June 11, 2001 (aged 25)",30.0,9.0,Port Vale,New Zealand,0
19.0,MF,Ben Old,"August 13, 2002 (aged 23)",22.0,2.0,Saint-Étienne,New Zealand,0
20.0,MF,Callum McCowatt,"April 30, 1999 (aged 27)",30.0,4.0,Silkeborg,New Zealand,0
21.0,FW,Jesse Randall,"August 19, 2002 (aged 23)",9.0,2.0,Auckland FC,New Zealand,0
22.0,GK,Michael Woud,"January 16, 1999 (aged 27)",6.0,0.0,Auckland FC,New Zealand,0
23.0,MF,Ryan Thomas,"December 20, 1994 (aged 31)",25.0,3.0,PEC Zwolle,New Zealand,0
24.0,DF,Callan Elliot,"July 7, 1999 (aged 26)",9.0,0.0,Auckland FC,New Zealand,0
25.0,MF,Lachlan Bayliss,"July 24, 2002 (aged 23)",2.0,0.0,Newcastle Jets,New Zealand,0
26.0,DF,Tommy Smith,"March 31, 1990 (aged 36)",56.0,2.0,Braintree Town,New Zealand,0
,GK,Vozinha,"June 3, 1986 (aged 40)",85.0,0.0,Chaves,Cape Verde,0
,GK,Márcio Rosa,"February 23, 1997 (aged 29)",10.0,0.0,Montana,Cape Verde,0
,GK,CJ dos Santos,"August 24, 2000 (aged 25)",0.0,0.0,San Diego FC,Cape Verde,0
,DF,Stopira,"May 20, 1988 (aged 38)",60.0,4.0,Torreense,Cape Verde,0
,DF,Roberto Lopes,"June 17, 1992 (aged 33)",44.0,0.0,Shamrock Rovers,Cape Verde,0
,DF,João Paulo,"May 26, 1998 (aged 28)",40.0,1.0,FCSB,Cape Verde,0
,DF,Diney,"January 17, 1995 (aged 31)",29.0,2.0,Al Bataeh,Cape Verde,0
,DF,Logan Costa,"April 1, 2001 (aged 25)",26.0,0.0,Villarreal,Cape Verde,0
,DF,Steven Moreira,"August 13, 1994 (aged 31)",18.0,0.0,Columbus Crew,Cape Verde,0
,DF,Wagner Pina,"November 3, 2002 (aged 23)",12.0,0.0,Trabzonspor,Cape Verde,0
,DF,Sidny Lopes Cabral,"September 18, 2003 (aged 22)",8.0,3.0,Benfica,Cape Verde,0
,DF,Kelvin Pires,"June 5, 2000 (aged 26)",4.0,1.0,SJK,Cape Verde,0
,MF,Jamiro Monteiro,"November 23, 1993 (aged 32)",53.0,5.0,PEC Zwolle,Cape Verde,0
,MF,Kevin Pina,"January 27, 1997 (aged 29)",30.0,2.0,Krasnodar,Cape Verde,0
,MF,Deroy Duarte,"July 4, 1999 (aged 26)",30.0,0.0,Ludogorets Razgrad,Cape Verde,0
,MF,Telmo Arcanjo,"June 21, 2001 (aged 24)",14.0,1.0,Vitória de Guimarães,Cape Verde,0
,MF,Laros Duarte,"February 28, 1997 (aged 29)",12.0,0.0,Puskás Akadémia,Cape Verde,0
,MF,Yannick Semedo,"December 29, 1995 (aged 30)",10.0,1.0,Farense,Cape Verde,0
,FW,Ryan Mendes,"January 8, 1990 (aged 36)",94.0,22.0,Iğdır,Cape Verde,1
,FW,Garry Rodrigues,"November 27, 1990 (aged 35)",59.0,9.0,Apollon Limassol,Cape Verde,0
,FW,Willy Semedo,"April 27, 1994 (aged 32)",36.0,2.0,Omonia,Cape Verde,0
,FW,Jovane Cabral,"June 14, 1998 (aged 27)",25.0,2.0,Estrela Amadora,Cape Verde,0
,FW,Gilson Benchimol,"December 29, 2001 (aged 24)",21.0,5.0,Akron Tolyatti,Cape Verde,0
,FW,Dailon Livramento,"May 4, 2001 (aged 25)",20.0,7.0,Casa Pia,Cape Verde,0
,FW,Hélio Varela,"May 3, 2002 (aged 24)",19.0,0.0,Maccabi Tel Aviv,Cape Verde,0
,FW,Nuno da Costa,"February 10, 1991 (aged 35)",7.0,1.0,İstanbul Başakşehir,Cape Verde,0
,GK,Mohammed Al-Owais,"October 10, 1991 (aged 34)",63.0,0.0,Al-Ula,Saudi Arabia,0
,GK,Nawaf Al-Aqidi,"May 10, 2000 (aged 26)",22.0,0.0,Al-Nassr,Saudi Arabia,0
,GK,Ahmed Al-Kassar,"May 8, 1991 (aged 35)",8.0,0.0,Al-Qadsiah,Saudi Arabia,0
,GK,Abdulquddus Atiah,"March 1, 1997 (aged 29)",1.0,0.0,Al-Taawoun,Saudi Arabia,0
,DF,Saud Abdulhamid,"July 18, 1999 (aged 26)",53.0,1.0,Lens,Saudi Arabia,0
,DF,Hassan Al-Tambakti,"February 9, 1999 (aged 27)",51.0,0.0,Al-Hilal,Saudi Arabia,0
,DF,Abdulelah Al-Amri,"January 15, 1997 (aged 29)",41.0,1.0,Al-Nassr,Saudi Arabia,0
,DF,Nawaf Boushal,"September 16, 1999 (aged 26)",24.0,0.0,Al-Nassr,Saudi Arabia,0
,DF,Ali Lajami,"April 24, 1996 (aged 30)",20.0,1.0,Al-Hilal,Saudi Arabia,0
,DF,Ali Majrashi,"October 2, 1999 (aged 26)",20.0,0.0,Al-Ahli,Saudi Arabia,0
,DF,Hassan Kadesh,"September 27, 1992 (aged 33)",19.0,2.0,Al-Ittihad,Saudi Arabia,0
,DF,Moteb Al-Harbi,"February 20, 2000 (aged 26)",11.0,0.0,Al-Hilal,Saudi Arabia,0
,DF,Jehad Thakri,"July 21, 2001 (aged 24)",6.0,0.0,Al-Qadsiah,Saudi Arabia,0
,DF,Mohammed Abu Al-Shamat,"August 11, 2002 (aged 23)",5.0,0.0,Al-Qadsiah,Saudi Arabia,0
,DF,Zakaria Hawsawi,"January 12, 2001 (aged 25)",1.0,0.0,Al-Ahli,Saudi Arabia,0
,MF,Salem Al-Dawsari,"August 19, 1991 (aged 34)",107.0,26.0,Al-Hilal,Saudi Arabia,1
,MF,Mohamed Kanno,"September 22, 1994 (aged 31)",75.0,8.0,Al-Hilal,Saudi Arabia,0
,MF,Nasser Al-Dawsari,"December 19, 1998 (aged 27)",43.0,0.0,Al-Hilal,Saudi Arabia,0
,MF,Abdullah Al-Khaibari,"August 16, 1996 (aged 29)",38.0,0.0,Al-Nassr,Saudi Arabia,0
,MF,Musab Al-Juwayr,"June 20, 2003 (aged 22)",33.0,6.0,Al-Qadsiah,Saudi Arabia,0
,MF,Ayman Yahya,"May 14, 2001 (aged 25)",25.0,0.0,Al-Nassr,Saudi Arabia,0
,MF,Saleh Abu Al-Shamat,"August 11, 2002 (aged 23)",11.0,2.0,Al-Ahli,Saudi Arabia,0
,MF,Ziyad Al-Johani,"November 11, 2001 (aged 24)",11.0,0.0,Al-Ahli,Saudi Arabia,0
,MF,Sultan Mandash,"October 17, 1994 (aged 31)",5.0,1.0,Al-Hilal,Saudi Arabia,0
,MF,Alaa Al-Hejji,"December 3, 1995 (aged 30)",1.0,0.0,Neom,Saudi Arabia,0
,FW,Firas Al-Buraikan,"May 14, 2000 (aged 26)",69.0,15.0,Al-Ahli,Saudi Arabia,0
,FW,Saleh Al-Shehri,"November 1, 1993 (aged 32)",55.0,18.0,Al-Ittihad,Saudi Arabia,0
,FW,Abdullah Al-Hamdan,"September 13, 1999 (aged 26)",48.0,11.0,Al-Nassr,Saudi Arabia,0
,FW,Khalid Al-Ghannam,"November 8, 2000 (aged 25)",5.0,0.0,Al-Ettifaq,Saudi Arabia,0
,FW,Abdullah Al-Salem,"December 19, 1992 (aged 33)",3.0,0.0,Al-Qadsiah,Saudi Arabia,0
,GK,Unai Simón,"June 11, 1997 (aged 29)",57.0,0.0,Athletic Bilbao,Spain,0
,GK,David Raya,"September 15, 1995 (aged 30)",12.0,0.0,Arsenal,Spain,0
,GK,Joan Garcia,"May 4, 2001 (aged 25)",1.0,0.0,Barcelona,Spain,0
,DF,Aymeric Laporte,"May 27, 1994 (aged 32)",44.0,2.0,Athletic Bilbao,Spain,0
,DF,Marc Cucurella,"July 22, 1998 (aged 27)",23.0,1.0,Chelsea,Spain,0
,DF,Marcos Llorente,"January 30, 1995 (aged 31)",23.0,0.0,Atlético Madrid,Spain,0
,DF,Eric García,"January 9, 2001 (aged 25)",19.0,0.0,Barcelona,Spain,0
,DF,Pedro Porro,"September 13, 1999 (aged 26)",16.0,0.0,Tottenham Hotspur,Spain,0
,DF,Álex Grimaldo,"September 20, 1995 (aged 30)",12.0,0.0,Bayer Leverkusen,Spain,0
,DF,Pau Cubarsí,"January 22, 2007 (aged 19)",11.0,0.0,Barcelona,Spain,0
,DF,Marc Pubill,"June 20, 2003 (aged 22)",0.0,0.0,Atlético Madrid,Spain,0
,MF,Rodri,"June 22, 1996 (aged 29)",61.0,4.0,Manchester City,Spain,1
,MF,Mikel Merino,"June 22, 1996 (aged 29)",41.0,10.0,Arsenal,Spain,0
,MF,Fabián Ruiz,"April 3, 1996 (aged 30)",41.0,6.0,Paris Saint-Germain,Spain,0
,MF,Pedri,"November 25, 2002 (aged 23)",40.0,5.0,Barcelona,Spain,0
,MF,Gavi,"August 5, 2004 (aged 21)",28.0,5.0,Barcelona,Spain,0
,MF,Martín Zubimendi,"February 2, 1999 (aged 27)",25.0,3.0,Arsenal,Spain,0
,MF,Álex Baena,"July 20, 2001 (aged 24)",15.0,2.0,Atlético Madrid,Spain,0
,FW,Ferran Torres,"February 29, 2000 (aged 26)",55.0,23.0,Barcelona,Spain,0
,FW,Mikel Oyarzabal,"April 21, 1997 (aged 29)",52.0,24.0,Real Sociedad,Spain,0
,FW,Dani Olmo,"May 7, 1998 (aged 28)",48.0,12.0,Barcelona,Spain,0
,FW,Nico Williams,"July 12, 2002 (aged 23)",30.0,6.0,Athletic Bilbao,Spain,0
,FW,Lamine Yamal,"July 13, 2007 (aged 18)",25.0,6.0,Barcelona,Spain,0
,FW,Yéremy Pino,"October 20, 2002 (aged 23)",21.0,4.0,Crystal Palace,Spain,0
,FW,Borja Iglesias,"January 17, 1993 (aged 33)",6.0,0.0,Celta Vigo,Spain,0
,FW,Víctor Muñoz,"July 13, 2003 (aged 22)",2.0,1.0,Osasuna,Spain,0
1.0,GK,Brice Samba,"April 25, 1994 (aged 32)",4.0,0.0,Rennes,France,0
2.0,DF,Malo Gusto,"May 19, 2003 (aged 23)",9.0,0.0,Chelsea,France,0
3.0,DF,Lucas Digne,"July 20, 1993 (aged 32)",56.0,0.0,Aston Villa,France,0
4.0,DF,Dayot Upamecano,"October 27, 1998 (aged 27)",36.0,2.0,Bayern Munich,France,0
5.0,DF,Jules Koundé,"November 12, 1998 (aged 27)",46.0,0.0,Barcelona,France,0
6.0,MF,Manu Koné,"May 17, 2001 (aged 25)",12.0,0.0,Roma,France,0
7.0,FW,Ousmane Dembélé,"May 15, 1997 (aged 29)",58.0,7.0,Paris Saint-Germain,France,0
8.0,MF,Aurélien Tchouaméni,"January 27, 2000 (aged 26)",44.0,3.0,Real Madrid,France,0
9.0,FW,Marcus Thuram,"August 6, 1997 (aged 28)",33.0,3.0,Inter Milan,France,0
10.0,FW,Kylian Mbappé,"December 20, 1998 (aged 27)",96.0,56.0,Real Madrid,France,1
11.0,FW,Michael Olise,"December 12, 2001 (aged 24)",15.0,4.0,Bayern Munich,France,0
12.0,FW,Bradley Barcola,"September 2, 2002 (aged 23)",18.0,3.0,Paris Saint-Germain,France,0
13.0,MF,N'Golo Kanté,"March 29, 1991 (aged 35)",67.0,2.0,Fenerbahçe,France,0
14.0,MF,Adrien Rabiot,"April 3, 1995 (aged 31)",57.0,7.0,Milan,France,0
15.0,DF,Ibrahima Konaté,"May 25, 1999 (aged 27)",27.0,0.0,Liverpool,France,0
16.0,GK,Mike Maignan,"July 3, 1995 (aged 30)",38.0,0.0,Milan,France,0
17.0,DF,William Saliba,"March 24, 2001 (aged 25)",31.0,0.0,Arsenal,France,0
18.0,MF,Warren Zaïre-Emery,"March 8, 2006 (aged 20)",10.0,1.0,Paris Saint-Germain,France,0
19.0,DF,Théo Hernandez,"October 6, 1997 (aged 28)",42.0,2.0,Al-Hilal,France,0
20.0,FW,Désiré Doué,"June 3, 2005 (aged 21)",6.0,2.0,Paris Saint-Germain,France,0
21.0,DF,Lucas Hernandez,"February 14, 1996 (aged 30)",41.0,0.0,Paris Saint-Germain,France,0
22.0,FW,Jean-Philippe Mateta,"June 28, 1997 (aged 28)",3.0,2.0,Crystal Palace,France,0
23.0,GK,Robin Risser,"December 2, 2004 (aged 21)",0.0,0.0,Lens,France,0
24.0,FW,Rayan Cherki,"August 17, 2003 (aged 22)",5.0,1.0,Manchester City,France,0
25.0,FW,Maghnes Akliouche,"February 25, 2002 (aged 24)",7.0,1.0,Monaco,France,0
26.0,DF,Maxence Lacroix,"April 6, 2000 (aged 26)",2.0,0.0,Crystal Palace,France,0
,GK,Jalal Hassan,"May 18, 1991 (aged 35)",100.0,0.0,Al-Zawraa,Iraq,1
,GK,Fahad Talib,"October 21, 1994 (aged 31)",21.0,0.0,Al-Talaba,Iraq,0
,GK,Ahmed Basil,"August 19, 1996 (aged 29)",14.0,0.0,Al-Shorta,Iraq,0
,GK,Kumel Al-Rekabe,"August 19, 2004 (aged 21)",1.0,0.0,Erbil,Iraq,0
,DF,Rebin Sulaka,"April 12, 1992 (aged 34)",54.0,1.0,Port,Iraq,0
,DF,Manaf Younis,"November 16, 1996 (aged 29)",32.0,1.0,Al-Shorta,Iraq,0
,DF,Merchas Doski,"December 7, 1999 (aged 26)",30.0,0.0,Viktoria Plzeň,Iraq,0
,DF,Hussein Ali,"March 1, 2002 (aged 24)",25.0,1.0,Pogoń Szczecin,Iraq,0
,DF,Zaid Tahseen,"January 29, 2001 (aged 25)",26.0,1.0,Pakhtakor,Iraq,0
,DF,Frans Putros,"July 14, 1993 (aged 32)",26.0,0.0,Persib,Iraq,0
,DF,Maitham Jabbar,"November 10, 2000 (aged 25)",20.0,0.0,Al-Zawraa,Iraq,0
,DF,Ahmed Yahya,"July 1, 1995 (aged 30)",19.0,0.0,Al-Shorta,Iraq,0
,DF,Mustafa Saadoon,"May 25, 2001 (aged 25)",15.0,0.0,Al-Shorta,Iraq,0
,DF,Akam Hashim,"August 16, 1998 (aged 27)",12.0,1.0,Al-Zawraa,Iraq,0
,DF,Ahmed Maknzi,"September 24, 2001 (aged 24)",6.0,0.0,Al-Karma,Iraq,0
,DF,Dario Naamo,"June 14, 2005 (aged 20)",1.0,0.0,Dundee United,Iraq,0
,MF,Ibrahim Bayesh,"May 1, 2000 (aged 26)",74.0,8.0,Al-Dhafra,Iraq,0
,MF,Amir Al-Ammari,"July 27, 1997 (aged 28)",49.0,3.0,Cracovia,Iraq,0
,MF,Ali Jasim,"January 20, 2004 (aged 22)",35.0,2.0,Al-Najma,Iraq,0
,MF,Youssef Amyn,"August 21, 2003 (aged 22)",25.0,2.0,AEK Larnaca,Iraq,0
,MF,Zidane Iqbal,"April 27, 2003 (aged 23)",23.0,2.0,Utrecht,Iraq,0
,MF,Hasan Abdulkareem,"January 1, 1999 (aged 27)",21.0,1.0,Al-Zawraa,Iraq,0
,MF,Marko Farji,"March 16, 2004 (aged 22)",10.0,0.0,Venezia,Iraq,0
,MF,Karrar Nabeel,"January 16, 1998 (aged 28)",8.0,0.0,Al-Zawraa,Iraq,0
,MF,Kevin Yakob,"October 10, 2000 (aged 25)",7.0,0.0,AGF,Iraq,0
,MF,Aimar Sher,"December 20, 2002 (aged 23)",6.0,0.0,Sarpsborg 08,Iraq,0
,MF,Zaid Ismail,"January 3, 2002 (aged 24)",5.0,0.0,Al-Talaba,Iraq,0
,MF,Peter Gwargis,"September 4, 2000 (aged 25)",4.0,0.0,Duhok,Iraq,0
,MF,Jussef Nasrawe,"March 22, 2007 (aged 19)",1.0,0.0,SV Ried,Iraq,0
,MF,Ahmed Qasem,"July 12, 2003 (aged 22)",1.0,0.0,Nashville SC,Iraq,0
,FW,Aymen Hussein,"March 22, 1996 (aged 30)",93.0,33.0,Al-Karma,Iraq,0
,FW,Mohanad Ali,"June 20, 2000 (aged 25)",71.0,27.0,Dibba,Iraq,0
,FW,Ali Al-Hamadi,"March 1, 2002 (aged 24)",18.0,5.0,Luton Town,Iraq,0
,FW,Ali Yousif,"January 19, 1996 (aged 30)",6.0,1.0,Al-Talaba,Iraq,0
1.0,GK,Ørjan Nyland,"September 10, 1990 (aged 35)",69.0,0.0,Sevilla,Norway,0
2.0,MF,Morten Thorsby,"May 5, 1996 (aged 30)",30.0,0.0,Cremonese,Norway,0
3.0,DF,Kristoffer Ajer,"April 17, 1998 (aged 28)",50.0,2.0,Brentford,Norway,0
4.0,DF,Leo Østigård,"November 28, 1999 (aged 26)",36.0,1.0,Genoa,Norway,0
5.0,DF,David Møller Wolfe,"April 23, 2002 (aged 24)",20.0,1.0,Wolverhampton Wanderers,Norway,0
6.0,MF,Patrick Berg,"November 24, 1997 (aged 28)",41.0,0.0,Bodø/Glimt,Norway,0
7.0,FW,Alexander Sørloth,"December 5, 1995 (aged 30)",70.0,26.0,Atlético Madrid,Norway,0
8.0,MF,Sander Berge,"February 14, 1998 (aged 28)",64.0,1.0,Fulham,Norway,0
9.0,FW,Erling Haaland,"July 21, 2000 (aged 25)",49.0,55.0,Manchester City,Norway,0
10.0,MF,Martin Ødegaard,"December 17, 1998 (aged 27)",67.0,4.0,Arsenal,Norway,1
11.0,FW,Jørgen Strand Larsen,"February 6, 2000 (aged 26)",26.0,4.0,Crystal Palace,Norway,0
12.0,GK,Sander Tangvik,"November 29, 2002 (aged 23)",0.0,0.0,Hamburger SV,Norway,0
13.0,GK,Egil Selvik,"July 30, 1997 (aged 28)",6.0,0.0,Watford,Norway,0
14.0,MF,Fredrik Aursnes,"December 10, 1995 (aged 30)",20.0,1.0,Benfica,Norway,0
15.0,DF,Fredrik André Bjørkan,"August 21, 1998 (aged 27)",19.0,1.0,Bodø/Glimt,Norway,0
16.0,DF,Marcus Holmgren Pedersen,"July 16, 2000 (aged 25)",31.0,0.0,Torino,Norway,0
17.0,DF,Torbjørn Heggem,"January 12, 1999 (aged 27)",13.0,0.0,Bologna,Norway,0
18.0,MF,Kristian Thorstvedt,"March 13, 1999 (aged 27)",35.0,4.0,Sassuolo,Norway,0
19.0,MF,Thelo Aasgaard,"May 2, 2002 (aged 24)",6.0,5.0,Rangers,Norway,0
20.0,MF,Antonio Nusa,"April 17, 2005 (aged 21)",22.0,7.0,RB Leipzig,Norway,0
21.0,MF,Andreas Schjelderup,"June 1, 2004 (aged 22)",10.0,1.0,Benfica,Norway,0
22.0,MF,Oscar Bobb,"July 12, 2003 (aged 22)",18.0,2.0,Fulham,Norway,0
23.0,MF,Jens Petter Hauge,"October 12, 1999 (aged 26)",14.0,1.0,Bodø/Glimt,Norway,0
24.0,DF,Sondre Langås,"February 2, 2001 (aged 25)",2.0,0.0,Derby County,Norway,0
25.0,DF,Henrik Falchener,"May 8, 2003 (aged 23)",1.0,0.0,Viking,Norway,0
26.0,DF,Julian Ryerson,"November 17, 1997 (aged 28)",41.0,1.0,Borussia Dortmund,Norway,0
,GK,Édouard Mendy,"March 1, 1992 (aged 34)",56.0,0.0,Al-Ahli,Senegal,0
,GK,Mory Diaw,"June 22, 1993 (aged 32)",4.0,0.0,Le Havre,Senegal,0
,GK,Yehvann Diouf,"November 16, 1999 (aged 26)",2.0,0.0,Nice,Senegal,0
,DF,Kalidou Koulibaly,"June 20, 1991 (aged 34)",103.0,2.0,Al-Hilal,Senegal,1
,DF,Krépin Diatta,"February 25, 1999 (aged 27)",59.0,2.0,Monaco,Senegal,0
,DF,Moussa Niakhaté,"March 8, 1996 (aged 30)",29.0,0.0,Lyon,Senegal,0
,DF,Ismail Jakobs,"August 17, 1999 (aged 26)",28.0,0.0,Galatasaray,Senegal,0
,DF,Abdoulaye Seck,"June 4, 1992 (aged 34)",21.0,4.0,Maccabi Haifa,Senegal,0
,DF,El Hadji Malick Diouf,"December 28, 2004 (aged 21)",18.0,1.0,West Ham United,Senegal,0
,DF,Antoine Mendy,"May 27, 2004 (aged 22)",6.0,0.0,Nice,Senegal,0
,DF,Mamadou Sarr,"August 29, 2005 (aged 20)",6.0,0.0,Chelsea,Senegal,0
,DF,Ilay Camara,"January 18, 2003 (aged 23)",3.0,0.0,Anderlecht,Senegal,0
,DF,Moustapha Mbow,"March 8, 2000 (aged 26)",0.0,0.0,Paris FC,Senegal,0
,MF,Idrissa Gueye,"September 26, 1989 (aged 36)",131.0,7.0,Everton,Senegal,0
,MF,Pape Gueye,"January 24, 1999 (aged 27)",40.0,5.0,Villarreal,Senegal,0
,MF,Pape Matar Sarr,"September 14, 2002 (aged 23)",38.0,4.0,Tottenham Hotspur,Senegal,0
,MF,Pathé Ciss,"March 16, 1994 (aged 32)",29.0,0.0,Rayo Vallecano,Senegal,0
,MF,Lamine Camara,"January 1, 2004 (aged 22)",25.0,7.0,Monaco,Senegal,0
,MF,Habib Diarra,"January 3, 2004 (aged 22)",19.0,4.0,Sunderland,Senegal,0
,MF,Bara Sapoko Ndiaye,"December 31, 2007 (aged 18)",0.0,0.0,Bayern Munich,Senegal,0
,FW,Sadio Mané,"April 10, 1992 (aged 34)",126.0,53.0,Al-Nassr,Senegal,0
,FW,Ismaïla Sarr,"February 25, 1998 (aged 28)",83.0,19.0,Crystal Palace,Senegal,0
,FW,Iliman Ndiaye,"March 6, 2000 (aged 26)",38.0,4.0,Everton,Senegal,0
,FW,Nicolas Jackson,"June 20, 2001 (aged 24)",31.0,8.0,Bayern Munich,Senegal,0
,FW,Bamba Dieng,"March 23, 2000 (aged 26)",21.0,2.0,Lorient,Senegal,0
,FW,Cherif Ndiaye,"January 23, 1996 (aged 30)",17.0,4.0,Samsunspor,Senegal,0
,FW,Ibrahim Mbaye,"January 24, 2008 (aged 18)",10.0,3.0,Paris Saint-Germain,Senegal,0
,FW,Assane Diao,"December 7, 2005 (aged 20)",4.0,0.0,Como,Senegal,0
1.0,GK,Juan Musso,"May 6, 1994 (aged 32)",3.0,0.0,Atlético Madrid,Argentina,0
2.0,DF,Leonardo Balerdi,"January 26, 1999 (aged 27)",11.0,0.0,Marseille,Argentina,0
3.0,DF,Nicolás Tagliafico,"August 31, 1992 (aged 33)",75.0,1.0,Lyon,Argentina,0
4.0,DF,Gonzalo Montiel,"January 1, 1997 (aged 29)",38.0,2.0,River Plate,Argentina,0
5.0,MF,Leandro Paredes,"June 29, 1994 (aged 31)",77.0,5.0,Boca Juniors,Argentina,0
6.0,DF,Lisandro Martínez,"January 18, 1998 (aged 28)",26.0,1.0,Manchester United,Argentina,0
7.0,MF,Rodrigo De Paul,"May 24, 1994 (aged 32)",85.0,2.0,Inter Miami CF,Argentina,0
8.0,MF,Valentín Barco,"July 23, 2004 (aged 21)",2.0,1.0,Strasbourg,Argentina,0
9.0,FW,Julián Alvarez,"January 31, 2000 (aged 26)",51.0,14.0,Atlético Madrid,Argentina,0
10.0,FW,Lionel Messi,"June 24, 1987 (aged 38)",198.0,116.0,Inter Miami CF,Argentina,1
11.0,MF,Giovani Lo Celso,"April 9, 1996 (aged 30)",65.0,4.0,Real Betis,Argentina,0
12.0,GK,Gerónimo Rulli,"May 20, 1992 (aged 34)",7.0,0.0,Marseille,Argentina,0
13.0,DF,Cristian Romero,"April 27, 1998 (aged 28)",49.0,3.0,Tottenham Hotspur,Argentina,0
14.0,MF,Exequiel Palacios,"October 5, 1998 (aged 27)",38.0,0.0,Bayer Leverkusen,Argentina,0
15.0,FW,Nicolás González,"April 6, 1998 (aged 28)",50.0,6.0,Atlético Madrid,Argentina,0
16.0,FW,Thiago Almada,"April 26, 2001 (aged 25)",14.0,4.0,Atlético Madrid,Argentina,0
17.0,FW,Giuliano Simeone,"December 18, 2002 (aged 23)",11.0,1.0,Atlético Madrid,Argentina,0
18.0,FW,Nico Paz,"September 8, 2004 (aged 21)",8.0,1.0,Como,Argentina,0
19.0,DF,Nicolás Otamendi,"February 12, 1988 (aged 38)",130.0,8.0,Benfica,Argentina,0
20.0,MF,Alexis Mac Allister,"December 24, 1998 (aged 27)",44.0,6.0,Liverpool,Argentina,0
21.0,FW,José Manuel López,"December 6, 2000 (aged 25)",3.0,0.0,Palmeiras,Argentina,0
22.0,FW,Lautaro Martínez,"August 22, 1997 (aged 28)",75.0,36.0,Inter Milan,Argentina,0
23.0,GK,Emiliano Martínez,"September 2, 1992 (aged 33)",59.0,0.0,Aston Villa,Argentina,0
24.0,MF,Enzo Fernández,"January 17, 2001 (aged 25)",40.0,6.0,Chelsea,Argentina,0
25.0,DF,Facundo Medina,"May 28, 1999 (aged 27)",7.0,0.0,Marseille,Argentina,0
26.0,DF,Nahuel Molina,"April 6, 1998 (aged 28)",58.0,1.0,Atlético Madrid,Argentina,0
1.0,GK,Alexander Schlager,"February 1, 1996 (aged 30)",25.0,0.0,Red Bull Salzburg,Austria,0
2.0,DF,David Affengruber,"March 19, 2001 (aged 25)",1.0,0.0,Elche,Austria,0
3.0,DF,Kevin Danso,"September 19, 1998 (aged 27)",31.0,0.0,Tottenham Hotspur,Austria,0
4.0,MF,Xaver Schlager,"September 28, 1997 (aged 28)",50.0,4.0,RB Leipzig,Austria,0
5.0,DF,Stefan Posch,"May 14, 1997 (aged 29)",51.0,5.0,Mainz 05,Austria,0
6.0,MF,Nicolas Seiwald,"May 4, 2001 (aged 25)",46.0,1.0,RB Leipzig,Austria,0
7.0,FW,Marko Arnautović,"April 19, 1989 (aged 37)",132.0,47.0,Red Star Belgrade,Austria,0
8.0,DF,David Alaba,"June 24, 1992 (aged 33)",112.0,15.0,Real Madrid,Austria,1
9.0,MF,Marcel Sabitzer,"March 17, 1994 (aged 32)",97.0,25.0,Borussia Dortmund,Austria,0
10.0,MF,Florian Grillitsch,"August 7, 1995 (aged 30)",58.0,1.0,Braga,Austria,0
11.0,FW,Michael Gregoritsch,"April 18, 1994 (aged 32)",74.0,24.0,FC Augsburg,Austria,0
12.0,GK,Florian Wiegele,"March 21, 2001 (aged 25)",1.0,0.0,Viktoria Plzeň,Austria,0
13.0,GK,Patrick Pentz,"January 2, 1997 (aged 29)",18.0,0.0,Brøndby,Austria,0
14.0,FW,Saša Kalajdžić,"July 7, 1997 (aged 28)",21.0,4.0,LASK,Austria,0
15.0,DF,Philipp Lienhart,"July 11, 1996 (aged 29)",40.0,3.0,SC Freiburg,Austria,0
16.0,DF,Phillipp Mwene,"January 29, 1994 (aged 32)",29.0,0.0,Mainz 05,Austria,0
17.0,MF,Carney Chukwuemeka,"October 20, 2003 (aged 22)",2.0,1.0,Borussia Dortmund,Austria,0
18.0,MF,Romano Schmid,"January 27, 2000 (aged 26)",33.0,3.0,Werder Bremen,Austria,0
19.0,MF,Christoph Baumgartner,"August 1, 1999 (aged 26)",58.0,19.0,RB Leipzig,Austria,0
20.0,MF,Konrad Laimer,"May 27, 1997 (aged 29)",56.0,7.0,Bayern Munich,Austria,0
21.0,MF,Patrick Wimmer,"May 30, 2001 (aged 25)",30.0,1.0,VfL Wolfsburg,Austria,0
22.0,DF,Alexander Prass,"May 26, 2001 (aged 25)",18.0,0.0,TSG Hoffenheim,Austria,0
23.0,DF,Marco Friedl,"March 16, 1998 (aged 28)",10.0,0.0,Werder Bremen,Austria,0
24.0,MF,Paul Wanner,"December 23, 2005 (aged 20)",2.0,0.0,PSV Eindhoven,Austria,0
25.0,DF,Michael Svoboda,"October 15, 1998 (aged 27)",4.0,0.0,Venezia,Austria,0
26.0,MF,Alessandro Schöpf,"February 7, 1994 (aged 32)",35.0,6.0,Wolfsberger AC,Austria,0
,GK,Yazeed Abulaila,"January 8, 1993 (aged 33)",74.0,0.0,Al-Hussein,Jordan,0
,GK,Abdallah Al-Fakhouri,"January 22, 2000 (aged 26)",11.0,0.0,Al-Wehdat,Jordan,0
,GK,Nour Bani Attiah,"January 25, 1993 (aged 33)",4.0,0.0,Al-Faisaly,Jordan,0
,GK,Ahmad Al-Juaidi,"April 9, 2001 (aged 25)",0.0,0.0,Shabab Al-Ordon,Jordan,0
,DF,Ihsan Haddad,"February 5, 1994 (aged 32)",90.0,2.0,Al-Hussein,Jordan,1
,DF,Yazan Al-Arab,"January 31, 1996 (aged 30)",78.0,3.0,FC Seoul,Jordan,0
,DF,Abdallah Nasib,"February 25, 1994 (aged 32)",64.0,3.0,Al-Zawraa,Jordan,0
,DF,Saed Al-Rosan,"February 1, 1997 (aged 29)",19.0,2.0,Al-Hussein,Jordan,0
,DF,Husam Abu Dahab,"May 13, 2000 (aged 26)",16.0,0.0,Al-Faisaly,Jordan,0
,DF,Mo Abualnadi,"February 8, 2001 (aged 25)",16.0,0.0,Selangor,Jordan,0
,DF,Salim Obaid,"January 17, 1992 (aged 34)",9.0,0.0,Al-Hussein,Jordan,0
,DF,Ahmad Assaf,"July 21, 1999 (aged 26)",6.0,0.0,Al-Hussein,Jordan,0
,DF,Anas Badawi,"September 13, 1997 (aged 28)",0.0,0.0,Al-Faisaly,Jordan,0
,MF,Rajaei Ayed,"July 25, 1993 (aged 32)",72.0,0.0,Al-Hussein,Jordan,0
,MF,Noor Al-Rawabdeh,"February 24, 1997 (aged 29)",66.0,3.0,Selangor,Jordan,0
,MF,Ibrahim Sadeh,"April 27, 2000 (aged 26)",55.0,3.0,Al-Karma,Jordan,0
,MF,Mohammad Abu Hashish,"May 9, 1995 (aged 31)",54.0,1.0,Al-Karma,Jordan,0
,MF,Nizar Al-Rashdan,"March 23, 1999 (aged 27)",45.0,4.0,Qatar SC,Jordan,0
,MF,Mohannad Abu Taha,"February 2, 2003 (aged 23)",27.0,1.0,Al-Quwa Al-Jawiya,Jordan,0
,MF,Amer Jamous,"July 3, 2002 (aged 23)",18.0,1.0,Al-Zawraa,Jordan,0
,MF,Mohammad Al-Dawoud,"December 4, 1992 (aged 33)",11.0,1.0,Al-Wehdat,Jordan,0
,MF,Yousef Qashi,"April 15, 2005 (aged 21)",0.0,0.0,Al-Hussein,Jordan,0
,MF,Mohammad Taha,"July 13, 2005 (aged 20)",0.0,0.0,Al-Hussein,Jordan,0
,FW,Musa Al-Taamari,"June 10, 1997 (aged 29)",90.0,24.0,Rennes,Jordan,0
,FW,Mahmoud Al-Mardi,"October 6, 1993 (aged 32)",87.0,9.0,Al-Hussein,Jordan,0
,FW,Ali Olwan,"March 26, 2000 (aged 26)",64.0,29.0,Al-Sailiya,Jordan,0
,FW,Mohammad Abu Zrayq,"December 30, 1997 (aged 28)",39.0,5.0,Raja Casablanca,Jordan,0
,FW,Ibrahim Sabra,"February 1, 2006 (aged 20)",9.0,1.0,Lokomotiva Zagreb,Jordan,0
,FW,Odeh Al-Fakhouri,"November 22, 2005 (aged 20)",8.0,0.0,Pyramids,Jordan,0
,FW,Ali Azaizeh,"April 13, 2004 (aged 22)",2.0,0.0,Al-Shabab,Jordan,0
,GK,David Ospina,"August 31, 1988 (aged 37)",129.0,0.0,Atlético Nacional,Colombia,0
,GK,Camilo Vargas,"March 9, 1989 (aged 37)",40.0,0.0,Atlas,Colombia,0
,GK,Álvaro Montero,"March 29, 1995 (aged 31)",11.0,0.0,Vélez Sarsfield,Colombia,0
,DF,Davinson Sánchez,"June 12, 1996 (aged 29)",77.0,3.0,Galatasaray,Colombia,0
,DF,Santiago Arias,"January 13, 1992 (aged 34)",66.0,0.0,Independiente,Colombia,0
,DF,Yerry Mina,"September 23, 1994 (aged 31)",52.0,8.0,Cagliari,Colombia,0
,DF,Daniel Muñoz,"May 26, 1996 (aged 30)",44.0,3.0,Crystal Palace,Colombia,0
,DF,Johan Mojica,"August 21, 1992 (aged 33)",43.0,1.0,Mallorca,Colombia,0
,DF,Jhon Lucumí,"June 26, 1998 (aged 27)",35.0,1.0,Bologna,Colombia,0
,DF,Deiver Machado,"September 2, 1993 (aged 32)",14.0,0.0,Nantes,Colombia,0
,DF,Willer Ditta,"January 23, 1997 (aged 29)",3.0,0.0,Cruz Azul,Colombia,0
,MF,James Rodríguez,"July 12, 1991 (aged 34)",124.0,31.0,Minnesota United FC,Colombia,1
,MF,Jefferson Lerma,"October 25, 1994 (aged 31)",64.0,5.0,Crystal Palace,Colombia,0
,MF,Juan Fernando Quintero,"January 18, 1993 (aged 33)",47.0,6.0,River Plate,Colombia,0
,MF,Jhon Arias,"September 21, 1997 (aged 28)",36.0,4.0,Palmeiras,Colombia,0
,MF,Richard Ríos,"June 2, 2000 (aged 26)",30.0,2.0,Benfica,Colombia,0
,MF,Kevin Castaño,"September 29, 2000 (aged 25)",24.0,0.0,River Plate,Colombia,0
,MF,Jorge Carrascal,"May 25, 1998 (aged 28)",22.0,2.0,Flamengo,Colombia,0
,MF,Jaminton Campaz,"May 24, 2000 (aged 26)",9.0,1.0,Rosario Central,Colombia,0
,MF,Juan Portilla,"September 12, 1998 (aged 27)",8.0,0.0,Athletico Paranaense,Colombia,0
,MF,Gustavo Puerta,"July 26, 2003 (aged 22)",4.0,1.0,Racing Santander,Colombia,0
,FW,Luis Díaz,"January 13, 1997 (aged 29)",72.0,21.0,Bayern Munich,Colombia,0
,FW,Jhon Córdoba,"May 11, 1993 (aged 33)",21.0,6.0,Krasnodar,Colombia,0
,FW,Luis Suárez,"December 2, 1997 (aged 28)",10.0,4.0,Sporting CP,Colombia,0
,FW,Cucho Hernández,"April 20, 1999 (aged 27)",7.0,2.0,Real Betis,Colombia,0
,FW,Andrés Gómez,"September 12, 2002 (aged 23)",6.0,2.0,Vasco da Gama,Colombia,0
,GK,Lionel Mpasi,"August 1, 1994 (aged 31)",27.0,0.0,Le Havre,DR Congo,0
,GK,Timothy Fayulu,"July 24, 1999 (aged 26)",3.0,0.0,Noah,DR Congo,0
,GK,Matthieu Epolo,"January 15, 2005 (aged 21)",1.0,0.0,Standard Liège,DR Congo,0
,DF,Chancel Mbemba,"August 8, 1994 (aged 31)",107.0,7.0,Lille,DR Congo,1
,DF,Arthur Masuaku,"November 7, 1993 (aged 32)",44.0,4.0,Lens,DR Congo,0
,DF,Gédéon Kalulu,"August 29, 1997 (aged 28)",27.0,0.0,Aris Limassol,DR Congo,0
,DF,Joris Kayembe,"August 8, 1994 (aged 31)",24.0,0.0,Genk,DR Congo,0
,DF,Dylan Batubinsika,"February 15, 1996 (aged 30)",14.0,1.0,AEL,DR Congo,0
,DF,Axel Tuanzebe,"November 14, 1997 (aged 28)",12.0,1.0,Burnley,DR Congo,0
,DF,Aaron Wan-Bissaka,"November 26, 1997 (aged 28)",10.0,0.0,West Ham United,DR Congo,0
,DF,Steve Kapuadi,"April 30, 1998 (aged 28)",3.0,0.0,Widzew Łódź,DR Congo,0
,MF,Samuel Moutoussamy,"August 12, 1996 (aged 29)",56.0,0.0,Atromitos,DR Congo,0
,MF,Edo Kayembe,"June 3, 1998 (aged 28)",41.0,2.0,Watford,DR Congo,0
,MF,Charles Pickel,"May 15, 1997 (aged 29)",33.0,1.0,Espanyol,DR Congo,0
,MF,Gaël Kakuta,"June 21, 1991 (aged 34)",30.0,5.0,AEL,DR Congo,0
,MF,Noah Sadiki,"December 17, 2004 (aged 21)",18.0,0.0,Sunderland,DR Congo,0
,MF,Aaron Tshibola,"January 2, 1995 (aged 31)",16.0,1.0,Kilmarnock,DR Congo,0
,MF,Ngal'ayel Mukau,"November 3, 2004 (aged 21)",12.0,0.0,Lille,DR Congo,0
,MF,Brian Cipenga,"March 11, 1998 (aged 28)",7.0,0.0,Castellón,DR Congo,0
,FW,Cédric Bakambu,"April 11, 1991 (aged 35)",68.0,21.0,Real Betis,DR Congo,0
,FW,Meschak Elia,"August 6, 1997 (aged 28)",68.0,12.0,Alanyaspor,DR Congo,0
,FW,Théo Bongonda,"November 20, 1995 (aged 30)",37.0,7.0,Spartak Moscow,DR Congo,0
,FW,Fiston Mayele,"June 24, 1994 (aged 31)",37.0,6.0,Pyramids,DR Congo,0
,FW,Yoane Wissa,"September 3, 1996 (aged 29)",36.0,9.0,Newcastle United,DR Congo,0
,FW,Nathanaël Mbuku,"March 16, 2002 (aged 24)",17.0,2.0,Montpellier,DR Congo,0
,FW,Simon Banza,"August 13, 1996 (aged 29)",14.0,2.0,Al Jazira,DR Congo,0
,GK,Diogo Costa,"September 19, 1999 (aged 26)",42.0,0.0,Porto,Portugal,0
,GK,José Sá,"January 17, 1993 (aged 33)",4.0,0.0,Wolverhampton Wanderers,Portugal,0
,GK,Rui Silva,"February 7, 1994 (aged 32)",2.0,0.0,Sporting CP,Portugal,0
,DF,Rúben Dias,"May 14, 1997 (aged 29)",74.0,3.0,Manchester City,Portugal,0
,DF,João Cancelo,"May 27, 1994 (aged 32)",66.0,12.0,Barcelona,Portugal,0
,DF,Nélson Semedo,"November 16, 1993 (aged 32)",48.0,0.0,Fenerbahçe,Portugal,0
,DF,Nuno Mendes,"June 19, 2002 (aged 23)",43.0,1.0,Paris Saint-Germain,Portugal,0
,DF,Diogo Dalot,"March 18, 1999 (aged 27)",33.0,3.0,Manchester United,Portugal,0
,DF,Gonçalo Inácio,"August 25, 2001 (aged 24)",20.0,2.0,Sporting CP,Portugal,0
,DF,Matheus Nunes,"August 27, 1998 (aged 27)",19.0,2.0,Manchester City,Portugal,0
,DF,Renato Veiga,"July 29, 2003 (aged 22)",11.0,1.0,Villarreal,Portugal,0
,DF,Tomás Araújo,"May 16, 2002 (aged 24)",3.0,0.0,Benfica,Portugal,0
,MF,Bernardo Silva,"August 10, 1994 (aged 31)",107.0,14.0,Manchester City,Portugal,0
,MF,Bruno Fernandes,"September 8, 1994 (aged 31)",87.0,28.0,Manchester United,Portugal,0
,MF,Rúben Neves,"March 13, 1997 (aged 29)",65.0,1.0,Al-Hilal,Portugal,0
,MF,Vitinha,"February 13, 2000 (aged 26)",37.0,0.0,Paris Saint-Germain,Portugal,0
,MF,João Neves,"September 27, 2004 (aged 21)",21.0,3.0,Paris Saint-Germain,Portugal,0
,MF,Samú Costa,"November 27, 2000 (aged 25)",4.0,0.0,Mallorca,Portugal,0
,FW,Cristiano Ronaldo,"February 5, 1985 (aged 41)",226.0,143.0,Al-Nassr,Portugal,1
,FW,João Félix,"November 10, 1999 (aged 26)",52.0,12.0,Al-Nassr,Portugal,0
,FW,Rafael Leão,"June 10, 1999 (aged 27)",43.0,5.0,Milan,Portugal,0
,FW,Gonçalo Guedes,"November 29, 1996 (aged 29)",33.0,7.0,Real Sociedad,Portugal,0
,FW,Gonçalo Ramos,"June 20, 2001 (aged 24)",24.0,10.0,Paris Saint-Germain,Portugal,0
,FW,Pedro Neto,"March 9, 2000 (aged 26)",23.0,2.0,Chelsea,Portugal,0
,FW,Francisco Trincão,"December 29, 1999 (aged 26)",17.0,3.0,Sporting CP,Portugal,0
,FW,Francisco Conceição,"December 14, 2002 (aged 23)",15.0,3.0,Juventus,Portugal,0
,GK,Utkir Yusupov,"January 4, 1991 (aged 35)",39.0,0.0,Navbahor,Uzbekistan,0
,GK,Abduvohid Nematov,"March 20, 2001 (aged 25)",7.0,0.0,Nasaf,Uzbekistan,0
,GK,Botirali Ergashev,"June 23, 1995 (aged 30)",2.0,0.0,Neftchi,Uzbekistan,0
,DF,Rustam Ashurmatov,"July 7, 1996 (aged 29)",47.0,1.0,Esteghlal,Uzbekistan,0
,DF,Farrukh Sayfiev,"January 17, 1991 (aged 35)",44.0,1.0,Neftchi,Uzbekistan,0
,DF,Khojiakbar Alijonov,"April 19, 1997 (aged 29)",40.0,2.0,Pakhtakor,Uzbekistan,0
,DF,Sherzod Nasrullaev,"July 23, 1998 (aged 27)",29.0,2.0,Nasaf,Uzbekistan,0
,DF,Umar Eshmurodov,"November 30, 1992 (aged 33)",29.0,0.0,Nasaf,Uzbekistan,0
,DF,Abdukodir Khusanov,"February 29, 2004 (aged 22)",25.0,0.0,Manchester City,Uzbekistan,0
,DF,Abdulla Abdullaev,"September 1, 1997 (aged 28)",16.0,0.0,Dibba,Uzbekistan,0
,DF,Bekhruz Karimov,"August 7, 2007 (aged 18)",2.0,0.0,Surkhon,Uzbekistan,0
,DF,Jakhongir Urozov,"January 18, 2004 (aged 22)",2.0,0.0,Dinamo Samarqand,Uzbekistan,0
,DF,Avazbek Ulmasaliev,"March 27, 2000 (aged 26)",0.0,0.0,AGMK,Uzbekistan,0
,MF,Otabek Shukurov,"June 22, 1996 (aged 29)",82.0,9.0,Baniyas,Uzbekistan,0
,MF,Odiljon Hamrobekov,"February 13, 1996 (aged 30)",71.0,1.0,Tractor,Uzbekistan,0
,MF,Jamshid Iskanderov,"October 16, 1993 (aged 32)",37.0,4.0,Neftchi,Uzbekistan,0
,MF,Akmal Mozgovoy,"April 2, 1999 (aged 27)",23.0,1.0,Pakhtakor,Uzbekistan,0
,MF,Azizjon Ganiev,"February 22, 1998 (aged 28)",18.0,0.0,Al Bataeh,Uzbekistan,0
,MF,Jasurbek Jaloliddinov,"May 15, 2002 (aged 24)",1.0,0.0,Sogdiana,Uzbekistan,0
,MF,Umarali Rakhmonaliev,"August 18, 2003 (aged 22)",1.0,0.0,Sabah,Uzbekistan,0
,MF,Sherzod Esanov,"February 1, 2003 (aged 23)",0.0,0.0,Buxoro,Uzbekistan,0
,FW,Eldor Shomurodov,"June 29, 1995 (aged 30)",90.0,44.0,İstanbul Başakşehir,Uzbekistan,1
,FW,Igor Sergeev,"April 30, 1993 (aged 33)",81.0,24.0,Persepolis,Uzbekistan,0
,FW,Jaloliddin Masharipov,"September 1, 1993 (aged 32)",74.0,12.0,Esteghlal,Uzbekistan,0
,FW,Oston Urunov,"December 19, 2000 (aged 25)",40.0,10.0,Persepolis,Uzbekistan,0
,FW,Dostonbek Khamdamov,"July 24, 1996 (aged 29)",33.0,5.0,Pakhtakor,Uzbekistan,0
,FW,Abbosbek Fayzullaev,"October 3, 2003 (aged 22)",30.0,8.0,İstanbul Başakşehir,Uzbekistan,0
,FW,Azizbek Amonov,"October 30, 1997 (aged 28)",11.0,2.0,Buxoro,Uzbekistan,0
,FW,Ruslanbek Jiyanov,"June 5, 2001 (aged 25)",5.0,0.0,Navbahor,Uzbekistan,0
,FW,Sherzod Temirov,"October 27, 1998 (aged 27)",2.0,0.0,Erbil,Uzbekistan,0
,GK,Dominik Livaković,"January 9, 1995 (aged 31)",73.0,0.0,Dinamo Zagreb,Croatia,0
,GK,Dominik Kotarski,"February 10, 2000 (aged 26)",3.0,0.0,Copenhagen,Croatia,0
,GK,Ivor Pandur,"March 25, 2000 (aged 26)",0.0,0.0,Hull City,Croatia,0
,DF,Joško Gvardiol,"January 23, 2002 (aged 24)",46.0,4.0,Manchester City,Croatia,0
,DF,Duje Ćaleta-Car,"September 17, 1996 (aged 29)",38.0,1.0,Real Sociedad,Croatia,0
,DF,Josip Šutalo,"February 28, 2000 (aged 26)",31.0,0.0,Ajax,Croatia,0
,DF,Josip Stanišić,"April 2, 2000 (aged 26)",29.0,0.0,Bayern Munich,Croatia,0
,DF,Marin Pongračić,"September 11, 1997 (aged 28)",18.0,0.0,Fiorentina,Croatia,0
,DF,Martin Erlić,"January 24, 1998 (aged 28)",12.0,1.0,Midtjylland,Croatia,0
,DF,Luka Vušković,"February 24, 2007 (aged 19)",4.0,1.0,Hamburger SV,Croatia,0
,MF,Luka Modrić,"September 9, 1985 (aged 40)",196.0,28.0,Milan,Croatia,1
,MF,Mateo Kovačić,"May 6, 1994 (aged 32)",111.0,5.0,Manchester City,Croatia,0
,MF,Mario Pašalić,"February 9, 1995 (aged 31)",83.0,11.0,Atalanta,Croatia,0
,MF,Nikola Vlašić,"October 4, 1997 (aged 28)",61.0,10.0,Torino,Croatia,0
,MF,Luka Sučić,"September 8, 2002 (aged 23)",19.0,1.0,Real Sociedad,Croatia,0
,MF,Martin Baturina,"February 16, 2003 (aged 23)",17.0,1.0,Como,Croatia,0
,MF,Kristijan Jakić,"May 14, 1997 (aged 29)",16.0,2.0,FC Augsburg,Croatia,0
,MF,Petar Sučić,"October 25, 2003 (aged 22)",15.0,1.0,Inter Milan,Croatia,0
,MF,Nikola Moro,"March 12, 1998 (aged 28)",9.0,0.0,Bologna,Croatia,0
,MF,Toni Fruk,"April 9, 2001 (aged 25)",7.0,1.0,Rijeka,Croatia,0
,FW,Ivan Perišić,"February 2, 1989 (aged 37)",152.0,38.0,PSV Eindhoven,Croatia,0
,FW,Andrej Kramarić,"June 19, 1991 (aged 34)",114.0,36.0,TSG Hoffenheim,Croatia,0
,FW,Ante Budimir,"July 22, 1991 (aged 34)",36.0,6.0,Osasuna,Croatia,0
,FW,Marco Pašalić,"September 14, 2000 (aged 25)",13.0,1.0,Orlando City,Croatia,0
,FW,Petar Musa,"March 4, 1998 (aged 28)",10.0,1.0,FC Dallas,Croatia,0
,FW,Igor Matanović,"March 31, 2003 (aged 23)",8.0,2.0,SC Freiburg,Croatia,0
,GK,Jordan Pickford,"March 7, 1994 (aged 32)",82.0,0.0,Everton,England,0
,GK,Dean Henderson,"March 12, 1997 (aged 29)",4.0,0.0,Crystal Palace,England,0
,GK,James Trafford,"October 10, 2002 (aged 23)",1.0,0.0,Manchester City,England,0
,DF,John Stones,"May 28, 1994 (aged 32)",87.0,3.0,Manchester City,England,0
,DF,Marc Guéhi,"July 13, 2000 (aged 25)",27.0,1.0,Manchester City,England,0
,DF,Reece James,"December 8, 1999 (aged 26)",22.0,1.0,Chelsea,England,0
,DF,Ezri Konsa,"October 23, 1997 (aged 28)",18.0,1.0,Aston Villa,England,0
,DF,Dan Burn,"May 9, 1992 (aged 34)",6.0,0.0,Newcastle United,England,0
,DF,Tino Livramento,"November 12, 2002 (aged 23)",5.0,0.0,Newcastle United,England,0
,DF,Djed Spence,"August 9, 2000 (aged 25)",4.0,0.0,Tottenham Hotspur,England,0
,DF,Nico O'Reilly,"March 21, 2005 (aged 21)",3.0,0.0,Manchester City,England,0
,DF,Jarell Quansah,"January 29, 2003 (aged 23)",1.0,0.0,Bayer Leverkusen,England,0
,MF,Jordan Henderson,"June 17, 1990 (aged 35)",89.0,3.0,Brentford,England,0
,MF,Declan Rice,"January 14, 1999 (aged 27)",72.0,6.0,Arsenal,England,0
,MF,Jude Bellingham,"June 29, 2003 (aged 22)",46.0,6.0,Real Madrid,England,0
,MF,Morgan Rogers,"July 26, 2002 (aged 23)",13.0,1.0,Aston Villa,England,0
,MF,Kobbie Mainoo,"April 19, 2005 (aged 21)",12.0,0.0,Manchester United,England,0
,MF,Elliot Anderson,"November 6, 2002 (aged 23)",7.0,0.0,Nottingham Forest,England,0
,FW,Harry Kane,"July 28, 1993 (aged 32)",112.0,78.0,Bayern Munich,England,1
,FW,Marcus Rashford,"October 31, 1997 (aged 28)",70.0,18.0,Barcelona,England,0
,FW,Bukayo Saka,"September 5, 2001 (aged 24)",48.0,14.0,Arsenal,England,0
,FW,Ollie Watkins,"December 30, 1995 (aged 30)",20.0,6.0,Aston Villa,England,0
,FW,Anthony Gordon,"February 24, 2001 (aged 25)",17.0,2.0,Newcastle United,England,0
,FW,Eberechi Eze,"June 29, 1998 (aged 27)",16.0,3.0,Arsenal,England,0
,FW,Noni Madueke,"March 10, 2002 (aged 24)",10.0,1.0,Arsenal,England,0
,FW,Ivan Toney,"March 16, 1996 (aged 30)",7.0,1.0,Al-Ahli,England,0
,GK,Lawrence Ati-Zigi,"November 29, 1996 (aged 29)",28.0,0.0,St. Gallen,Ghana,0
,GK,Benjamin Asare,"July 13, 1992 (aged 33)",10.0,0.0,Hearts of Oak,Ghana,0
,GK,Solomon Agbasi,"October 13, 2000 (aged 25)",1.0,0.0,Hearts of Oak,Ghana,0
,GK,Joseph Anang,"June 8, 2000 (aged 26)",1.0,0.0,St Patrick's Athletic,Ghana,0
,GK,Paul Reverson,"June 20, 2005 (aged 20)",0.0,0.0,Jong Ajax,Ghana,0
,DF,Abdul Rahman Baba,"July 2, 1994 (aged 31)",52.0,1.0,PAOK,Ghana,0
,DF,Gideon Mensah,"July 18, 1998 (aged 27)",39.0,0.0,Auxerre,Ghana,0
,DF,Alexander Djiku,"August 9, 1994 (aged 31)",38.0,4.0,Spartak Moscow,Ghana,0
,DF,Alidu Seidu,"June 4, 2000 (aged 26)",23.0,1.0,Rennes,Ghana,0
,DF,Jerome Opoku,"October 14, 1998 (aged 27)",10.0,1.0,İstanbul Başakşehir,Ghana,0
,DF,Jonas Adjetey,"December 13, 2003 (aged 22)",9.0,0.0,VfL Wolfsburg,Ghana,0
,DF,Abdul Mumin,"June 6, 1998 (aged 28)",4.0,0.0,Rayo Vallecano,Ghana,0
,DF,Kojo Peprah Oppong,"June 4, 2004 (aged 22)",4.0,0.0,Nice,Ghana,0
,DF,Marvin Senaya,"January 28, 2001 (aged 25)",1.0,0.0,Auxerre,Ghana,0
,MF,Thomas Partey,"June 13, 1993 (aged 32)",56.0,15.0,Villarreal,Ghana,0
,MF,Abdul Fatawu,"March 8, 2004 (aged 22)",27.0,3.0,Leicester City,Ghana,0
,MF,Kamaldeen Sulemana,"February 15, 2002 (aged 24)",27.0,1.0,Atalanta,Ghana,0
,MF,Elisha Owusu,"November 7, 1997 (aged 28)",19.0,0.0,Auxerre,Ghana,0
,MF,Caleb Yirenkyi,"January 15, 2006 (aged 20)",10.0,0.0,Nordsjælland,Ghana,0
,MF,Kwasi Sibo,"June 24, 1998 (aged 27)",7.0,0.0,Oviedo,Ghana,0
,MF,Augustine Boakye,"November 3, 2000 (aged 25)",0.0,0.0,Saint-Étienne,Ghana,0
,FW,Jordan Ayew,"September 11, 1991 (aged 34)",117.0,33.0,Leicester City,Ghana,1
,FW,Antoine Semenyo,"January 7, 2000 (aged 26)",34.0,3.0,Manchester City,Ghana,0
,FW,Iñaki Williams,"June 15, 1994 (aged 31)",25.0,2.0,Athletic Bilbao,Ghana,0
,FW,Ernest Nuamah,"November 1, 2003 (aged 22)",18.0,4.0,Lyon,Ghana,0
,FW,Christopher Bonsu Baah,"December 14, 2004 (aged 21)",8.0,0.0,Al-Qadsiah,Ghana,0
,FW,Brandon Thomas-Asante,"December 28, 1998 (aged 27)",7.0,1.0,Coventry City,Ghana,0
,FW,Prince Kwabena Adu,"September 23, 2003 (aged 22)",4.0,0.0,Viktoria Plzeň,Ghana,0
,GK,Luis Mejía,"March 16, 1991 (aged 35)",56.0,0.0,Nacional,Panama,0
,GK,Orlando Mosquera,"December 25, 1994 (aged 31)",46.0,0.0,Al-Fayha,Panama,0
,GK,César Samudio,"March 26, 1994 (aged 32)",4.0,0.0,Marathón,Panama,0
,DF,Eric Davis,"March 31, 1991 (aged 35)",104.0,9.0,Plaza Amador,Panama,0
,DF,Fidel Escobar,"January 9, 1995 (aged 31)",96.0,4.0,Saprissa,Panama,0
,DF,Michael Amir Murillo,"February 11, 1996 (aged 30)",91.0,9.0,Beşiktaş,Panama,0
,DF,Roderick Miller,"April 3, 1992 (aged 34)",48.0,2.0,Turan Tovuz,Panama,0
,DF,Andrés Andrade,"October 16, 1998 (aged 27)",47.0,1.0,LASK,Panama,0
,DF,César Blackman,"April 2, 1998 (aged 28)",37.0,3.0,Slovan Bratislava,Panama,0
,DF,José Córdoba,"June 3, 2001 (aged 25)",30.0,1.0,Norwich City,Panama,0
,DF,Jiovany Ramos,"January 26, 1997 (aged 29)",20.0,1.0,Puerto Cabello,Panama,0
,DF,Jorge Gutiérrez,"September 1, 1998 (aged 27)",17.0,0.0,Deportivo La Guaira,Panama,0
,DF,Edgardo Fariña,"September 21, 2001 (aged 24)",15.0,0.0,Pari Nizhny Novgorod,Panama,0
,MF,Aníbal Godoy,"February 10, 1990 (aged 36)",159.0,4.0,San Diego FC,Panama,1
,MF,Alberto Quintero,"December 18, 1987 (aged 38)",140.0,7.0,Plaza Amador,Panama,0
,MF,Yoel Bárcenas,"October 23, 1993 (aged 32)",101.0,10.0,Mazatlán,Panama,0
,MF,Adalberto Carrasquilla,"November 28, 1998 (aged 27)",73.0,3.0,UNAM,Panama,0
,MF,José Luis Rodríguez,"June 19, 1998 (aged 27)",67.0,8.0,Juárez,Panama,0
,MF,Cristian Martínez,"February 6, 1997 (aged 29)",63.0,2.0,Ironi Kiryat Shmona,Panama,0
,MF,César Yanis,"January 28, 1996 (aged 30)",55.0,5.0,Cobresal,Panama,0
,MF,Carlos Harvey,"February 3, 2000 (aged 26)",25.0,2.0,Minnesota United FC,Panama,0
,MF,Azarias Londoño,"June 21, 2001 (aged 24)",10.0,0.0,Universidad Católica,Panama,0
,FW,José Fajardo,"August 18, 1993 (aged 32)",65.0,17.0,Universidad Católica,Panama,0
,FW,Ismael Díaz,"May 12, 1997 (aged 29)",54.0,17.0,León,Panama,0
,FW,Cecilio Waterman,"April 13, 1991 (aged 35)",52.0,14.0,Universidad de Concepción,Panama,0
,FW,Tomás Rodríguez,"March 9, 1999 (aged 27)",11.0,3.0,Saprissa,Panama,0
